MONTH,DAY,WEEKDAY,AIRLINE,ORG_AIR,DEST_AIR,SCHED_DEP,DEP_DELAY,AIR_TIME,DIST,SCHED_ARR,ARR_DELAY
1,1,4,WN,LAX,SLC,1625,58.0,94.0,590,1905,65.0
1,1,4,MQ,ORD,CID,1135,-7.0,37.0,196,1238,-15.0
1,1,4,EV,ORD,GSO,1850,4.0,78.0,589,2139,-12.0
1,2,5,US,LAS,PHX,635,-4.0,44.0,255,846,-15.0
1,2,5,AA,LAX,KOA,840,32.0,341.0,2504,1230,44.0
1,2,5,DL,LAX,RDU,1200,12.0,256.0,2239,1944,6.0
1,2,5,WN,PHX,MSP,1845,35.0,154.0,1276,2245,20.0
1,3,6,WN,DEN,SFO,1715,89.0,132.0,967,1855,94.0
1,3,6,WN,LAS,RNO,1410,1.0,62.0,345,1530,3.0
1,3,6,AS,SFO,SEA,1010,1.0,107.0,679,1212,10.0
1,4,7,AS,LAS,SEA,1500,20.0,140.0,867,1745,13.0
1,4,7,AA,ORD,MIA,1210,332.0,168.0,1197,1616,343.0
1,4,7,OO,LAX,LAS,1005,34.0,42.0,236,1122,31.0
1,4,7,UA,LAS,SFO,803,-1.0,69.0,414,949,-15.0
1,5,1,UA,IAH,FLL,1026,5.0,116.0,965,1351,-4.0
1,5,1,AA,LAS,LAX,1130,2.0,38.0,236,1240,30.0
1,5,1,EV,IAH,CVG,2007,48.0,112.0,871,2320,56.0
1,6,2,UA,DEN,MSP,804,0.0,94.0,680,1103,2.0
1,6,2,WN,DEN,ATL,1930,68.0,133.0,1199,20,48.0
1,6,2,AA,DFW,ABQ,1040,1.0,90.0,569,1133,1.0
1,6,2,OO,DEN,BFL,1114,-1.0,123.0,845,1251,-18.0
1,7,3,WN,LAX,OAK,710,1.0,51.0,337,825,-7.0
1,7,3,AA,ORD,MCO,1502,0.0,121.0,1005,1835,-15.0
1,7,3,MQ,ORD,SDF,710,35.0,47.0,287,926,31.0
1,8,4,DL,DEN,DTW,610,-5.0,132.0,1123,1116,-36.0
1,8,4,WN,DEN,SDF,1030,-6.0,113.0,1024,1455,-23.0
1,8,4,EV,IAH,AMA,1430,3.0,80.0,517,1617,4.0
1,9,5,AA,LAX,ORD,900,65.0,226.0,1744,1507,85.0
1,9,5,UA,IAH,MSY,1500,4.0,44.0,305,1607,-2.0
1,9,5,OO,LAX,SMF,1543,10.0,56.0,373,1712,-6.0
1,10,6,OO,LAX,SAN,1633,9.0,36.0,109,1726,12.0
1,10,6,DL,ATL,SRQ,906,-2.0,62.0,444,1036,-14.0
1,11,7,MQ,DFW,EVV,1320,10.0,88.0,642,1507,19.0
1,11,7,B6,LAS,LGB,1501,166.0,41.0,231,1605,171.0
1,11,7,WN,LAS,PDX,2055,19.0,123.0,763,2320,11.0
1,11,7,AA,DFW,DCA,2000,,,1192,2336,
1,12,1,B6,SFO,LGB,1921,15.0,58.0,354,2039,10.0
1,12,1,WN,ATL,CAK,2045,13.0,70.0,528,2235,-14.0
1,12,1,OO,DFW,IAH,1126,46.0,46.0,224,1233,50.0
1,13,2,AA,LAS,LAX,1555,-5.0,45.0,236,1702,0.0
1,13,2,AA,DFW,STL,1230,-4.0,77.0,550,1404,-7.0
1,13,2,EV,ORD,LIT,1635,-2.0,83.0,552,1831,-15.0
1,14,3,AA,ORD,DCA,1515,0.0,84.0,612,1802,8.0
1,14,3,OO,DEN,BUR,1110,7.0,118.0,850,1246,-11.0
1,14,3,DL,DFW,ATL,1700,-4.0,95.0,731,2006,-10.0
1,15,4,EV,DEN,FAR,1945,0.0,91.0,627,2236,11.0
1,15,4,WN,DEN,LAS,1205,-2.0,87.0,628,1300,-14.0
1,15,4,WN,LAS,LAX,1300,0.0,40.0,236,1405,0.0
1,15,4,WN,DEN,PIT,1805,4.0,148.0,1290,2255,-2.0
1,16,5,WN,LAS,SAN,810,-6.0,44.0,258,915,-10.0
1,16,5,UA,DEN,ORD,1022,2.0,116.0,888,1353,-3.0
1,16,5,DL,ATL,AUS,1859,-2.0,121.0,813,2037,-8.0
1,17,6,F9,DEN,SEA,1722,90.0,162.0,1024,1915,93.0
1,17,6,B6,SFO,LAS,925,-1.0,64.0,414,1101,-10.0
1,17,6,OO,LAX,SJC,820,-3.0,51.0,308,942,-3.0
1,18,7,WN,ATL,RIC,2045,-3.0,66.0,481,2225,-14.0
1,18,7,B6,ORD,JFK,1840,5.0,105.0,740,2148,19.0
1,18,7,EV,IAH,CRP,2112,-3.0,37.0,201,2214,-2.0
1,19,1,WN,PHX,BUF,1610,-1.0,217.0,1912,2215,-14.0
1,19,1,UA,SFO,LAS,1250,36.0,58.0,414,1429,20.0
1,19,1,OO,SFO,DFW,845,90.0,170.0,1464,1416,83.0
1,20,2,AA,DFW,LAS,1715,-6.0,160.0,1055,1818,-12.0
1,20,2,DL,ATL,SRQ,1137,-3.0,64.0,444,1308,-13.0
1,20,2,EV,ATL,GRK,1920,0.0,130.0,803,2050,1.0
1,21,3,DL,PHX,MSP,955,-4.0,157.0,1276,1412,-13.0
1,21,3,DL,ORD,ATL,1130,-3.0,82.0,606,1429,7.0
1,21,3,UA,ATL,EWR,1207,-14.0,96.0,746,1420,-28.0
1,21,3,US,DFW,PHL,1525,20.0,147.0,1303,1928,25.0
1,22,4,OO,LAX,SBA,1252,-3.0,22.0,89,1339,-3.0
1,22,4,EV,DEN,BNA,1005,10.0,121.0,1014,1341,-1.0
1,22,4,US,LAX,CLT,1145,23.0,244.0,2125,1915,30.0
1,23,5,DL,LAX,HNL,1445,0.0,311.0,2556,1837,-17.0
1,23,5,DL,ATL,MEM,1455,-4.0,60.0,332,1519,-11.0
1,23,5,OO,LAX,TUS,1830,6.0,66.0,451,2056,7.0
1,23,5,WN,LAS,SMF,1200,-3.0,68.0,397,1335,-12.0
1,24,6,EV,IAH,ICT,1930,4.0,84.0,542,2114,5.0
1,24,6,OO,ORD,DLH,1335,-10.0,73.0,397,1510,-9.0
1,24,6,UA,SFO,IAH,45,0.0,199.0,1635,617,20.0
1,25,7,AA,DFW,MSP,1445,21.0,125.0,852,1706,26.0
1,25,7,WN,ATL,BDL,1145,-3.0,109.0,859,1400,-14.0
1,25,7,DL,MSP,DTW,1027,-5.0,79.0,528,1313,-10.0
1,26,1,DL,PHX,JFK,1323,,,2153,2000,
1,26,1,OO,SFO,PSP,1055,-8.0,77.0,421,1228,10.0
1,26,1,WN,LAX,SMF,1845,34.0,56.0,373,2005,21.0
1,26,1,DL,ATL,PHX,2046,-5.0,222.0,1587,2304,-15.0
1,27,2,UA,ATL,EWR,630,,,746,841,
1,27,2,EV,ATL,TRI,908,-7.0,53.0,227,1010,11.0
1,27,2,EV,MSP,GRR,1500,-3.0,53.0,408,1726,-18.0
1,28,3,WN,LAX,HOU,1235,-1.0,168.0,1390,1740,-6.0
1,28,3,EV,IAH,JAX,1304,-5.0,103.0,817,1609,-7.0
1,28,3,NK,PHX,ORD,125,-4.0,166.0,1440,549,-12.0
1,29,4,UA,ORD,SFO,1256,32.0,259.0,1846,1540,33.0
1,29,4,WN,PHX,LAX,600,-5.0,61.0,370,630,-14.0
1,29,4,WN,LAS,SNA,655,-6.0,43.0,226,800,-14.0
1,29,4,WN,DEN,MDW,945,13.0,108.0,895,1305,-3.0
1,30,5,DL,ATL,HSV,1909,-5.0,30.0,151,1911,-6.0
1,30,5,DL,ATL,DTW,910,-4.0,90.0,594,1110,-4.0
1,30,5,AS,DEN,SEA,1200,7.0,145.0,1024,1354,1.0
1,31,6,OO,LAX,SJC,2140,-7.0,54.0,308,2250,6.0
1,31,6,DL,LAX,LAS,1915,-5.0,42.0,236,2029,-14.0
1,31,6,OO,IAH,PSP,1008,-7.0,175.0,1269,1142,-22.0
2,1,7,AA,DFW,TPA,1710,-4.0,106.0,929,2026,-16.0
2,1,7,US,LAX,PHL,625,-6.0,281.0,2402,1427,-5.0
2,2,1,DL,ATL,IND,1914,-6.0,67.0,432,2050,5.0
2,2,1,WN,LAS,ONT,825,-4.0,33.0,197,915,-4.0
2,2,1,AA,LAS,JFK,810,-2.0,,2248,1602,
2,2,1,OO,ORD,DSM,1628,34.0,55.0,299,1748,45.0
2,3,2,WN,ATL,DEN,1345,4.0,187.0,1199,1515,3.0
2,3,2,US,PHX,MKE,1115,33.0,180.0,1460,1538,27.0
2,3,2,EV,IAH,LRD,1430,5.0,54.0,301,1546,-1.0
2,4,3,UA,ORD,TPA,930,0.0,132.0,1012,1306,-8.0
2,4,3,WN,LAS,SNA,1035,-4.0,41.0,226,1135,-9.0
2,4,3,OO,LAX,ELP,841,-8.0,98.0,715,1138,-10.0
2,5,4,WN,PHX,MCI,1440,61.0,137.0,1044,1810,61.0
2,5,4,OO,PHX,GJT,1948,-6.0,63.0,438,2116,-6.0
2,5,4,OO,SFO,EUG,829,,,451,1002,
2,5,4,F9,DEN,IAH,1920,17.0,108.0,862,2231,19.0
2,6,5,VX,SFO,SEA,1645,,,679,1845,
2,6,5,OO,DEN,BIS,1425,-6.0,73.0,516,1702,-9.0
2,6,5,EV,IAH,MCI,1135,-9.0,93.0,643,1339,-18.0
2,7,6,MQ,DFW,MSN,2040,-4.0,113.0,821,2251,2.0
2,7,6,OO,LAX,MTJ,1300,7.0,82.0,666,1557,7.0
2,7,6,US,SFO,PHX,1550,-8.0,88.0,651,1845,-13.0
2,8,7,MQ,DFW,MOB,1620,6.0,68.0,539,1754,12.0
2,8,7,OO,LAX,SBP,2027,13.0,51.0,156,2127,29.0
2,8,7,WN,PHX,MSP,1115,-1.0,159.0,1276,1530,-19.0
2,9,1,DL,ATL,HOU,2104,-2.0,101.0,696,2223,-20.0
2,9,1,UA,ORD,MSP,1000,42.0,55.0,334,1132,23.0
2,9,1,OO,IAH,OMA,1900,-5.0,113.0,781,2109,1.0
2,10,2,AA,LAX,DFW,1815,-8.0,146.0,1235,2308,-21.0
2,10,2,AA,PHX,SNA,1500,57.0,54.0,338,1520,45.0
2,10,2,NK,ORD,DEN,1107,-3.0,140.0,888,1249,-4.0
2,11,3,F9,DEN,MKE,1053,-2.0,120.0,896,1405,0.0
2,11,3,OO,DEN,DAY,1000,-1.0,135.0,1085,1440,6.0
2,11,3,UA,IAH,LGA,720,-5.0,200.0,1416,1143,15.0
2,12,4,MQ,DFW,ABI,1315,-1.0,29.0,158,1403,3.0
2,12,4,UA,IAH,MSY,1304,5.0,46.0,305,1416,22.0
2,12,4,DL,MSP,MIA,1005,-7.0,177.0,1501,1453,-28.0
2,12,4,VX,SFO,LAS,1800,-4.0,64.0,414,1930,-11.0
2,13,5,DL,ATL,PIT,1655,0.0,78.0,526,1834,-3.0
2,13,5,UA,LAX,EWR,2105,-3.0,285.0,2454,515,-8.0
2,13,5,AA,DFW,TPA,1900,14.0,110.0,929,2211,12.0
2,13,5,DL,MSP,TPA,1740,3.0,152.0,1306,2153,-21.0
2,14,6,AS,SFO,SEA,2045,1.0,101.0,679,2241,1.0
2,14,6,WN,DEN,EWR,1640,,,1605,2210,
2,15,7,DL,DFW,SLC,830,-1.0,136.0,989,1024,-13.0
2,15,7,AA,LAX,DFW,630,-3.0,153.0,1235,1130,-5.0
2,15,7,UA,ORD,SFO,1810,50.0,249.0,1846,2059,77.0
2,15,7,US,PHX,LAX,1805,6.0,54.0,370,1831,3.0
2,16,1,DL,ATL,RSW,1340,7.0,77.0,515,1525,-7.0
2,16,1,OO,MSP,GFK,1526,16.0,51.0,284,1643,18.0
2,16,1,DL,ATL,PHX,1955,48.0,233.0,1587,2215,43.0
2,17,2,AS,ATL,SEA,1810,-1.0,317.0,2182,2050,-1.0
2,17,2,WN,PHX,DEN,1225,-3.0,88.0,602,1415,-13.0
2,17,2,US,LAX,RDU,810,-4.0,260.0,2239,1546,-3.0
2,17,2,DL,ATL,JAN,1454,30.0,61.0,341,1516,27.0
2,18,3,OO,DEN,BIS,1426,5.0,83.0,516,1703,7.0
2,18,3,EV,DFW,SHV,2045,,,190,2139,
2,18,3,DL,ATL,PDX,940,17.0,320.0,2172,1214,29.0
2,19,4,MQ,DFW,GCK,1225,6.0,69.0,404,1351,5.0
2,19,4,WN,DEN,BOI,1335,-4.0,98.0,649,1530,-6.0
2,19,4,UA,ORD,IAH,1045,440.0,126.0,925,1339,409.0
2,19,4,AA,DFW,DCA,1335,-4.0,138.0,1192,1716,-14.0
2,20,5,AA,DFW,SAN,1805,-2.0,165.0,1171,1911,-8.0
2,20,5,WN,LAS,SJC,1955,1.0,63.0,386,2125,-15.0
2,20,5,WN,LAS,RDU,1605,9.0,215.0,2026,2320,-16.0
2,20,5,EV,MSP,IAH,1725,17.0,139.0,1034,2024,6.0
2,21,6,DL,ATL,DCA,1050,-4.0,,547,1231,
2,21,6,UA,SFO,SEA,1618,-1.0,105.0,679,1829,-2.0
2,21,6,EV,DEN,ISN,1005,-4.0,84.0,576,1301,-9.0
2,22,7,OO,DEN,HYS,1545,19.0,42.0,298,1802,28.0
2,22,7,MQ,ORD,DAY,1725,39.0,40.0,240,1929,32.0
2,22,7,MQ,DFW,VPS,2010,,,641,2158,
2,23,1,EV,ATL,OAJ,911,32.0,58.0,399,1030,57.0
2,23,1,F9,LAS,DEN,937,28.0,78.0,628,1225,25.0
2,23,1,UA,SFO,BOS,623,3.0,295.0,2704,1458,-20.0
2,24,2,WN,PHX,OAK,1720,1.0,108.0,646,1820,0.0
2,24,2,MQ,ATL,LGA,625,-3.0,99.0,762,830,35.0
2,24,2,UA,ORD,BZN,952,-8.0,174.0,1186,1219,-23.0
2,24,2,WN,DEN,OKC,1220,7.0,71.0,495,1450,3.0
2,25,3,WN,LAS,ONT,1410,60.0,34.0,197,1505,53.0
2,25,3,OO,DEN,BOI,2205,54.0,93.0,649,3,91.0
2,25,3,UA,DEN,DFW,2209,59.0,78.0,641,113,56.0
2,26,4,DL,ATL,SRQ,1040,13.0,71.0,444,1213,18.0
2,26,4,AA,DFW,LGA,1230,-6.0,156.0,1389,1640,-22.0
2,26,4,DL,ATL,MIA,1735,15.0,92.0,594,1933,21.0
2,26,4,EV,DFW,BTR,900,-3.0,58.0,383,1014,3.0
2,27,5,WN,LAS,PHX,2055,137.0,38.0,255,2300,135.0
2,27,5,AS,LAS,SEA,1155,-12.0,132.0,867,1434,-14.0
2,27,5,DL,ATL,TPA,1920,5.0,63.0,406,2045,2.0
2,28,6,UA,LAS,ORD,1305,-4.0,161.0,1514,1835,3.0
2,28,6,DL,ATL,PVD,932,0.0,102.0,903,1153,-22.0
2,28,6,WN,LAS,RDU,1420,28.0,213.0,2026,2135,-1.0
3,1,7,DL,ATL,DEN,2040,2.0,182.0,1199,2210,-4.0
3,1,7,AA,DFW,MCI,1930,41.0,61.0,460,2101,31.0
3,1,7,UA,DEN,SEA,1510,11.0,145.0,1024,1708,-9.0
3,2,1,US,DFW,PHL,1525,2.0,160.0,1303,1928,3.0
3,2,1,EV,IAH,BRO,2111,,,308,2224,
3,2,1,EV,IAH,BRO,1137,-3.0,53.0,308,1255,-9.0
3,2,1,DL,ATL,MDW,1904,3.0,91.0,591,2003,-3.0
3,3,2,EV,IAH,HSV,1544,46.0,85.0,595,1731,39.0
3,3,2,EV,ATL,MYR,1513,39.0,48.0,317,1625,32.0
3,3,2,WN,ATL,DEN,1850,47.0,196.0,1199,2020,65.0
3,4,3,NK,PHX,DFW,200,-4.0,100.0,868,501,-5.0
3,4,3,WN,LAX,DAL,1215,10.0,152.0,1246,1710,2.0
3,4,3,AA,DFW,CMH,820,-2.0,105.0,926,1138,-14.0
3,4,3,EV,ORD,CVG,2105,,,265,2322,
3,5,4,WN,LAS,SMF,1200,-3.0,64.0,397,1335,-11.0
3,5,4,WN,LAS,ABQ,1610,3.0,68.0,486,1835,10.0
3,5,4,DL,ATL,FLL,2034,8.0,84.0,581,2226,11.0
3,5,4,UA,LAX,EWR,1200,20.0,263.0,2454,2024,1.0
3,6,5,OO,MSP,LSE,1425,-6.0,24.0,119,1520,-9.0
3,6,5,B6,LAX,FLL,2240,42.0,260.0,2342,628,32.0
3,6,5,OO,LAX,OAK,1540,57.0,55.0,337,1705,56.0
3,6,5,WN,ATL,SFO,850,9.0,293.0,2139,1125,-3.0
3,7,6,AA,LAX,BNA,2225,33.0,203.0,1797,514,25.0
3,7,6,AS,LAX,PDX,1740,-6.0,117.0,834,2000,-2.0
3,7,6,WN,SFO,LAX,950,-1.0,57.0,337,1110,-10.0
3,8,7,AA,IAH,DFW,1331,-7.0,49.0,224,1444,-5.0
3,8,7,EV,DEN,DIK,1951,-7.0,70.0,488,2132,-20.0
3,8,7,AA,LAX,DCA,820,83.0,277.0,2311,1613,163.0
3,8,7,AA,LAS,DFW,1905,15.0,129.0,1055,2338,23.0
3,9,1,AA,ORD,DCA,1135,-9.0,81.0,612,1419,-15.0
3,9,1,DL,ATL,PBI,1742,9.0,81.0,545,1935,-8.0
3,9,1,EV,IAH,XNA,1056,-4.0,61.0,438,1224,-15.0
3,10,2,EV,ORD,TVC,2045,-1.0,39.0,224,2252,-13.0
3,10,2,DL,ATL,SRQ,910,20.0,65.0,444,1039,12.0
3,10,2,WN,DEN,IAD,1240,-5.0,171.0,1452,1750,-7.0
3,10,2,WN,LAS,HOU,950,-1.0,153.0,1235,1445,-8.0
3,11,3,EV,ATL,VLD,905,-6.0,38.0,208,1000,3.0
3,11,3,DL,ATL,TLH,909,-4.0,42.0,223,1013,-3.0
3,11,3,WN,LAS,LAX,550,-3.0,41.0,236,700,-14.0
3,11,3,DL,ATL,SAT,1516,9.0,127.0,874,1703,-9.0
3,12,4,WN,MSP,DEN,630,-3.0,96.0,680,745,-22.0
3,12,4,DL,ATL,MCO,2255,-1.0,59.0,404,18,-10.0
3,12,4,OO,PHX,YUM,1640,-8.0,31.0,160,1731,-7.0
3,13,5,F9,DEN,RSW,2359,-1.0,194.0,1607,535,-2.0
3,13,5,MQ,ORD,FSD,945,-4.0,68.0,462,1130,-31.0
3,13,5,DL,MSP,BOS,700,8.0,126.0,1124,1044,-12.0
3,13,5,UA,ORD,BDL,1718,-4.0,93.0,783,2024,-14.0
3,14,6,OO,DEN,SLC,1845,43.0,56.0,391,2018,23.0
3,14,6,AA,DFW,TPA,1230,29.0,115.0,929,1542,29.0
3,14,6,OO,ORD,CMX,1855,-9.0,67.0,359,2121,0.0
3,15,7,MQ,ORD,MDT,1350,10.0,78.0,594,1628,14.0
3,15,7,US,PHX,SJC,1640,-4.0,86.0,621,1832,-11.0
3,15,7,US,ORD,CLT,725,0.0,83.0,599,1027,-7.0
3,16,1,DL,ATL,MDT,1515,-4.0,87.0,620,1713,-16.0
3,16,1,MQ,DFW,GRR,930,0.0,114.0,931,1250,-9.0
3,16,1,DL,MSP,LGA,711,-3.0,130.0,1020,1054,-17.0
3,17,2,UA,IAH,HNL,940,6.0,478.0,3904,1308,-2.0
3,17,2,MQ,ORD,CID,1355,-3.0,42.0,196,1454,5.0
3,17,2,EV,ORD,HSV,1920,-6.0,74.0,510,2100,-10.0
3,17,2,NK,ORD,LGA,556,-6.0,90.0,733,900,-18.0
3,18,3,OO,MSP,BJI,2150,-5.0,36.0,199,2256,-11.0
3,18,3,EV,IAH,CLT,1713,-4.0,113.0,912,2031,-11.0
3,18,3,AA,DFW,TUL,1620,-1.0,36.0,237,1720,-8.0
3,19,4,WN,LAS,SFO,1755,7.0,66.0,414,1930,-7.0
3,19,4,DL,ATL,TYS,1236,2.0,29.0,152,1327,-2.0
3,19,4,UA,IAH,DCA,905,-5.0,141.0,1208,1259,-19.0
3,20,5,UA,DEN,SJC,1911,45.0,121.0,948,2057,16.0
3,20,5,UA,LAX,DEN,1744,17.0,118.0,862,2103,15.0
3,20,5,US,PHX,SAN,2000,-3.0,47.0,304,2112,-9.0
3,20,5,US,DFW,PHL,825,-6.0,145.0,1303,1224,-14.0
3,20,5,EV,IAH,AEX,2105,-6.0,38.0,190,2203,-5.0
3,21,6,DL,ATL,SLC,815,-2.0,231.0,1590,1028,-2.0
3,21,6,EV,IAH,BRO,1512,13.0,61.0,308,1624,13.0
3,21,6,WN,PHX,LAX,830,0.0,59.0,370,955,-5.0
3,22,7,US,PHX,PDX,2015,-5.0,132.0,1009,2305,-20.0
3,22,7,NK,ORD,DEN,2140,-3.0,136.0,888,2321,0.0
3,22,7,US,MSP,CLT,650,-4.0,110.0,930,1033,-33.0
3,22,7,OO,ORD,DCA,700,-1.0,78.0,612,951,-17.0
3,23,1,DL,MSP,TPA,1740,35.0,156.0,1306,2148,23.0
3,23,1,AA,LAX,ATL,1535,-1.0,210.0,1947,2244,-5.0
3,23,1,UA,IAH,HNL,940,6.0,485.0,3904,1308,1.0
3,24,2,US,LAX,PHX,625,-6.0,54.0,370,753,-7.0
3,24,2,DL,ATL,EWR,1740,19.0,101.0,746,1959,0.0
3,24,2,US,IAH,PHL,620,-4.0,158.0,1325,1025,-11.0
3,24,2,NK,LAS,DEN,811,64.0,79.0,628,1057,53.0
3,25,3,B6,SFO,LGB,1910,-4.0,61.0,354,2030,-8.0
3,25,3,DL,ATL,DAY,1205,9.0,68.0,432,1333,14.0
3,25,3,EV,DFW,TYS,1320,40.0,94.0,772,1615,30.0
3,25,3,UA,ORD,EWR,600,-12.0,96.0,719,905,-22.0
3,26,4,DL,MSP,PDX,1525,3.0,188.0,1426,1703,-12.0
3,26,4,UA,IAH,MCO,845,28.0,116.0,854,1156,65.0
3,26,4,WN,ATL,MKE,1130,3.0,89.0,669,1235,-15.0
3,27,5,MQ,ORD,OKC,2150,8.0,86.0,693,2359,3.0
3,27,5,AS,LAX,SEA,1835,-7.0,126.0,954,2115,-21.0
3,27,5,OO,DEN,HLN,1855,-5.0,88.0,594,2053,-20.0
3,27,5,WN,LAS,MSY,1930,-2.0,171.0,1500,45,-8.0
3,28,6,US,PHX,ORD,1230,-6.0,181.0,1440,1756,-4.0
3,28,6,OO,DEN,FCA,1852,-6.0,119.0,752,2115,-15.0
3,28,6,AA,DFW,PNS,1935,4.0,76.0,604,2121,-5.0
3,29,7,MQ,DFW,ROW,2155,-1.0,69.0,435,2230,-8.0
3,29,7,EV,IAH,BHM,2105,-7.0,76.0,562,2245,-12.0
3,29,7,VX,LAX,SFO,800,-1.0,53.0,337,920,-16.0
3,30,1,UA,LAS,ORD,2333,5.0,190.0,1514,515,-5.0
3,30,1,OO,IAH,DFW,1053,0.0,51.0,224,1205,-3.0
3,30,1,MQ,ORD,BNA,2020,-2.0,55.0,409,2156,-27.0
3,30,1,WN,PHX,SMF,1105,-4.0,96.0,647,1305,-6.0
3,31,2,WN,ATL,MCO,825,-4.0,59.0,404,1000,-18.0
3,31,2,DL,ATL,VPS,814,-1.0,46.0,250,825,-12.0
3,31,2,UA,IAH,PHX,1440,12.0,141.0,1009,1536,0.0
4,1,3,DL,DEN,ATL,615,1.0,145.0,1199,1119,-16.0
4,1,3,AA,DFW,MCI,1330,25.0,68.0,460,1506,20.0
4,1,3,WN,ATL,MKE,1130,-6.0,99.0,669,1235,-11.0
4,1,3,WN,ATL,JAX,1525,31.0,46.0,270,1640,14.0
4,2,4,AA,ORD,CLT,1500,7.0,93.0,599,1803,11.0
4,2,4,WN,PHX,LAS,1715,7.0,42.0,255,1815,5.0
4,2,4,WN,DEN,MCO,1415,-5.0,170.0,1546,1935,-19.0
4,2,4,UA,DEN,PDX,1519,-2.0,139.0,991,1711,-24.0
4,3,5,WN,DEN,SMF,1835,21.0,138.0,909,2010,21.0
4,3,5,F9,SFO,DEN,1515,242.0,107.0,967,1840,220.0
4,3,5,WN,MSP,MCI,1500,0.0,63.0,393,1625,-7.0
4,4,6,WN,DEN,MDW,2040,17.0,101.0,895,2355,-3.0
4,4,6,US,PHX,DEN,1215,-3.0,74.0,602,1503,-8.0
4,4,6,AA,DFW,ORD,830,-7.0,104.0,802,1053,-23.0
4,5,7,EV,ORD,TYS,2050,-2.0,65.0,475,2319,-6.0
4,5,7,DL,SFO,MSP,750,21.0,169.0,1589,1323,-6.0
4,5,7,UA,ORD,STT,845,252.0,230.0,2116,1435,215.0
4,5,7,WN,ATL,IND,1030,-5.0,73.0,432,1210,-17.0
4,6,1,MQ,DFW,GRK,1155,15.0,33.0,134,1250,28.0
4,6,1,NK,IAH,SAN,2119,-9.0,188.0,1303,2245,-11.0
4,6,1,UA,ORD,LAX,2035,6.0,253.0,1744,2313,21.0
4,7,2,UA,ORD,PIT,1400,0.0,59.0,413,1632,12.0
4,7,2,EV,IAH,MEM,755,-8.0,72.0,468,932,-4.0
4,7,2,AA,DFW,OMA,2020,-1.0,80.0,583,2216,-18.0
4,7,2,DL,ATL,RDU,1625,1.0,57.0,356,1750,-12.0
4,8,3,OO,PHX,LAX,1804,-10.0,64.0,370,1935,-12.0
4,8,3,F9,IAH,DEN,1911,-1.0,114.0,862,2042,-5.0
4,8,3,EV,ORD,HPN,1345,-1.0,96.0,738,1659,7.0
4,9,4,AA,DFW,BNA,1325,-6.0,81.0,631,1514,-9.0
4,9,4,EV,MSP,MDW,1721,2.0,68.0,349,1851,36.0
4,9,4,US,LAX,PIT,1121,0.0,246.0,2136,1858,0.0
4,9,4,UA,IAH,ORD,1735,182.0,115.0,925,2020,150.0
4,10,5,DL,PHX,DTW,2335,-5.0,185.0,1671,612,-13.0
4,10,5,DL,ATL,MCO,950,0.0,62.0,404,1122,37.0
4,10,5,EV,ORD,LEX,816,-2.0,55.0,323,1036,-4.0
4,10,5,OO,ORD,DLH,1622,-1.0,64.0,397,1756,10.0
4,11,6,EV,ATL,CAE,1810,-2.0,32.0,192,1907,-2.0
4,11,6,OO,DEN,FSD,1740,-6.0,72.0,483,2013,-6.0
4,12,7,DL,ATL,MCO,745,-2.0,59.0,404,905,-6.0
4,12,7,WN,PHX,ONT,1255,1.0,45.0,325,1400,-6.0
4,12,7,OO,PHX,PSP,840,-5.0,44.0,261,957,-11.0
4,12,7,AA,ORD,SJC,2000,73.0,277.0,1829,2241,112.0
4,13,1,OO,DEN,PSP,1520,-3.0,110.0,776,1639,-4.0
4,13,1,EV,ATL,BMI,1454,4.0,74.0,533,1535,-8.0
4,13,1,MQ,ORD,MDT,1500,-1.0,71.0,594,1750,-23.0
4,14,2,AA,DFW,RIC,1845,-4.0,142.0,1158,2244,-22.0
4,14,2,AA,ORD,DFW,1645,-5.0,119.0,802,1928,-23.0
4,14,2,OO,LAX,ASE,1050,-3.0,98.0,737,1354,-17.0
4,14,2,WN,ATL,MDW,1900,6.0,86.0,591,2000,-4.0
4,15,3,UA,IAH,ORD,1537,23.0,119.0,925,1820,14.0
4,15,3,EV,ORD,BHM,1950,-5.0,81.0,584,2141,-13.0
4,15,3,OO,SFO,RNO,730,-3.0,39.0,192,834,0.0
4,15,3,VX,SFO,LAX,1530,-5.0,53.0,337,1650,-16.0
4,16,4,UA,DEN,IAH,1505,12.0,128.0,862,1824,54.0
4,16,4,AA,DFW,DCA,1020,15.0,146.0,1192,1425,-4.0
4,16,4,DL,MSP,LAS,900,-2.0,162.0,1299,1024,-19.0
4,16,4,WN,PHX,MSP,1040,14.0,157.0,1276,1545,1.0
4,17,5,DL,LAS,CVG,2345,-6.0,195.0,1678,624,-4.0
4,17,5,AA,LAX,ORD,130,-4.0,209.0,1744,738,-23.0
4,17,5,AA,DFW,RDU,710,-1.0,129.0,1061,1058,-12.0
4,17,5,DL,ATL,MEM,1509,5.0,58.0,332,1535,-3.0
4,18,6,US,DEN,CLT,1015,-7.0,173.0,1337,1533,-6.0
4,18,6,AA,SFO,ORD,1710,-6.0,233.0,1846,2319,0.0
4,18,6,DL,ATL,PNS,1735,0.0,47.0,271,1746,21.0
4,19,7,US,ORD,PHL,1840,39.0,90.0,678,2155,19.0
4,19,7,DL,ATL,JAX,1952,-1.0,49.0,270,2102,-1.0
4,19,7,UA,DEN,SFO,1720,2.0,124.0,967,1857,-13.0
4,20,1,UA,SFO,LAX,1434,32.0,57.0,337,1607,20.0
4,20,1,EV,ATL,AGS,1145,11.0,35.0,143,1237,27.0
4,20,1,UA,IAH,EWR,1552,1.0,205.0,1400,2029,29.0
4,20,1,DL,PHX,DTW,950,-8.0,200.0,1671,1632,-9.0
4,20,1,DL,ATL,MDT,1515,5.0,81.0,620,1712,-3.0
4,21,2,DL,ATL,AUS,1215,-1.0,125.0,813,1339,8.0
4,21,2,US,LAS,PHX,1635,-8.0,47.0,255,1744,-6.0
4,21,2,DL,ATL,JAN,1210,-2.0,56.0,341,1232,-6.0
4,21,2,B6,DEN,BOS,2324,-5.0,196.0,1754,505,-9.0
4,22,3,DL,ATL,PBI,1750,-3.0,77.0,545,1942,-21.0
4,22,3,AA,DFW,TUS,1710,9.0,130.0,813,1741,11.0
4,22,3,WN,LAS,SLC,1225,30.0,55.0,368,1445,26.0
4,23,4,MQ,DFW,SJT,905,22.0,45.0,229,1014,19.0
4,23,4,WN,PHX,SJC,1200,3.0,92.0,621,1350,0.0
4,23,4,WN,SFO,LAX,1320,48.0,58.0,337,1440,46.0
4,23,4,WN,LAS,TPA,1615,43.0,213.0,1984,2330,25.0
4,24,5,DL,ATL,DAY,1545,-2.0,67.0,432,1718,-15.0
4,24,5,DL,PHX,DTW,600,-1.0,173.0,1671,1242,-29.0
4,24,5,OO,LAX,SMF,1620,,,373,1748,
4,24,5,AA,DFW,BWI,1835,288.0,139.0,1217,2245,256.0
4,25,6,OO,LAX,SAN,735,-6.0,32.0,109,833,-16.0
4,25,6,WN,DEN,OKC,1715,160.0,66.0,495,1945,149.0
4,26,7,OO,SFO,EUG,1052,-6.0,74.0,451,1230,3.0
4,26,7,US,PHX,SAN,1020,-6.0,51.0,304,1136,-8.0
4,26,7,WN,LAS,MDW,1845,8.0,195.0,1521,10,16.0
4,26,7,AA,DFW,TPA,1810,279.0,114.0,929,2135,275.0
4,27,1,OO,LAX,SLC,1530,-4.0,94.0,590,1819,-2.0
4,27,1,DL,ATL,SAV,2256,-3.0,35.0,214,2357,-12.0
4,27,1,US,LAS,PHX,1635,-3.0,45.0,255,1744,10.0
4,28,2,WN,ATL,CAK,2215,-3.0,70.0,528,2355,-13.0
4,28,2,OO,LAX,SFO,1215,88.0,59.0,337,1350,74.0
4,28,2,AA,SFO,DFW,55,2.0,183.0,1464,618,5.0
4,28,2,F9,DEN,SEA,749,-6.0,142.0,1024,940,-20.0
4,29,3,DL,ATL,GSO,1622,-3.0,49.0,306,1737,-7.0
4,29,3,UA,IAH,LAX,2110,0.0,175.0,1379,2250,-6.0
4,29,3,MQ,DFW,GPT,1205,0.0,68.0,500,1346,-9.0
4,30,4,MQ,DFW,FSD,1249,-6.0,131.0,737,1500,12.0
4,30,4,OO,DEN,TUS,1519,-7.0,94.0,639,1619,-6.0
4,30,4,UA,MSP,DEN,1156,-1.0,97.0,680,1310,-15.0
4,30,4,F9,DEN,DFW,1125,-7.0,87.0,641,1416,-13.0
5,1,5,US,ATL,CLT,1959,-9.0,42.0,226,2115,-10.0
5,1,5,UA,IAH,EWR,721,-1.0,179.0,1400,1159,-17.0
5,1,5,DL,ATL,PDX,958,-2.0,280.0,2172,1215,-10.0
5,1,5,WN,ATL,MCO,1025,0.0,64.0,404,1200,-9.0
5,2,6,DL,ATL,LAS,1346,-6.0,228.0,1747,1508,-15.0
5,2,6,DL,ATL,DFW,1355,-1.0,107.0,731,1518,-18.0
5,3,7,WN,PHX,TUL,1910,12.0,119.0,935,2325,8.0
5,3,7,OO,DEN,CPR,1236,70.0,39.0,230,1338,66.0
5,3,7,WN,ATL,PHL,2220,48.0,94.0,666,25,39.0
5,3,7,NK,MSP,IAH,2019,5.0,148.0,1034,2305,14.0
5,4,1,OO,ORD,TVC,1240,-4.0,40.0,224,1447,0.0
5,4,1,OO,DFW,ORD,1420,-7.0,115.0,802,1645,-15.0
5,4,1,WN,DEN,ATL,550,-2.0,149.0,1199,1045,-6.0
5,5,2,UA,IAH,PDX,1744,14.0,,1825,2017,
5,5,2,F9,ORD,MCO,1410,62.0,137.0,1005,1750,73.0
5,5,2,EV,ATL,MOB,1400,-2.0,53.0,302,1414,-1.0
5,5,2,WN,PHX,ONT,2110,-5.0,49.0,325,2215,-10.0
5,6,3,DL,DEN,DTW,1135,-6.0,141.0,1123,1621,-14.0
5,6,3,OO,PHX,SFO,1815,-5.0,105.0,651,2023,-13.0
5,6,3,EV,ORD,FNT,1415,2.0,35.0,223,1625,-11.0
5,6,3,DL,ATL,SAV,1630,5.0,36.0,214,1738,-8.0
5,7,4,UA,IAH,MSY,1029,1.0,47.0,305,1139,-1.0
5,7,4,OO,MSP,MKE,1015,-5.0,46.0,297,1128,-11.0
5,7,4,UA,SFO,EWR,1525,19.0,295.0,2565,2,-4.0
5,7,4,DL,ATL,GSO,1955,11.0,46.0,306,2116,2.0
5,8,5,WN,LAX,LAS,1815,-7.0,47.0,236,1910,7.0
5,8,5,MQ,ORD,BNA,1000,-1.0,59.0,409,1128,-9.0
5,8,5,UA,ORD,MSP,905,0.0,57.0,334,1034,-7.0
5,8,5,NK,IAH,LAX,1425,-2.0,194.0,1379,1558,-4.0
5,9,6,EV,DFW,FSM,1645,4.0,41.0,227,1747,-2.0
5,9,6,UA,SFO,PDX,1915,-4.0,80.0,550,2106,-19.0
5,10,7,DL,ATL,CHS,1340,1.0,41.0,259,1454,-4.0
5,10,7,VX,SFO,LAX,1835,15.0,57.0,337,1955,19.0
5,10,7,UA,SFO,DCA,1040,-1.0,292.0,2442,1900,14.0
5,10,7,EV,IAH,CVG,1334,-4.0,130.0,871,1703,12.0
5,11,1,NK,ORD,MSP,1625,46.0,54.0,334,1752,88.0
5,11,1,EV,IAH,BRO,1735,,,308,1847,
5,11,1,F9,LAS,DEN,1050,2.0,85.0,628,1340,-2.0
5,12,2,WN,ATL,MCI,2225,26.0,104.0,692,2335,16.0
5,12,2,MQ,DFW,OKC,1335,17.0,34.0,175,1435,11.0
5,12,2,AS,LAX,PDX,1100,-3.0,110.0,834,1319,-15.0
5,12,2,UA,SFO,EWR,2355,1.0,279.0,2565,825,-21.0
5,13,3,UA,DEN,FLL,1239,11.0,200.0,1703,1835,-10.0
5,13,3,OO,DEN,MSN,1000,-8.0,104.0,826,1313,-15.0
5,13,3,OO,DEN,SGU,1955,-9.0,83.0,517,2140,-10.0
5,13,3,WN,DEN,SLC,1615,-2.0,63.0,391,1740,-13.0
5,14,4,OO,ORD,SPI,1612,17.0,31.0,174,1712,16.0
5,14,4,DL,ATL,EWR,2145,43.0,99.0,746,1,23.0
5,14,4,DL,ATL,ECP,1101,5.0,40.0,240,1109,3.0
5,14,4,WN,LAS,SNA,1510,48.0,43.0,226,1615,48.0
5,15,5,NK,ORD,OAK,1445,1.0,253.0,1836,1720,-2.0
5,15,5,WN,ATL,BWI,1500,0.0,83.0,577,1655,-12.0
5,15,5,DL,ATL,CHO,1935,0.0,66.0,457,2108,-13.0
5,16,6,UA,ORD,BWI,1735,7.0,86.0,622,2037,-8.0
5,16,6,EV,ATL,BTR,1259,-4.0,82.0,448,1330,5.0
5,16,6,WN,LAS,OAK,2045,50.0,67.0,407,2215,40.0
5,17,7,UA,ORD,DCA,2055,193.0,78.0,612,2351,172.0
5,17,7,WN,LAS,TPA,1615,36.0,225.0,1984,2330,30.0
5,17,7,WN,DEN,CMH,1015,3.0,143.0,1154,1505,-2.0
5,17,7,NK,MSP,ORD,604,13.0,62.0,334,728,18.0
5,18,1,DL,ATL,TPA,932,0.0,60.0,406,1058,-11.0
5,18,1,OO,DEN,CVG,1005,-7.0,133.0,1069,1446,-14.0
5,18,1,DL,MSP,DTW,1910,12.0,68.0,528,2150,-3.0
5,18,1,AA,ORD,MCO,1450,-5.0,134.0,1005,1834,-12.0
5,19,2,US,PHX,OAK,945,0.0,100.0,646,1147,-5.0
5,19,2,UA,LAX,BWI,2315,-4.0,256.0,2329,725,-41.0
5,19,2,DL,ATL,ICT,1920,3.0,105.0,782,2041,-8.0
5,20,3,UA,IAH,EWR,1430,9.0,173.0,1400,1910,-14.0
5,20,3,NK,DFW,LAX,630,-1.0,169.0,1235,736,5.0
5,20,3,UA,DEN,BWI,1951,106.0,159.0,1491,117,73.0
5,20,3,EV,ATL,DHN,1726,0.0,31.0,170,1720,-5.0
5,21,4,US,DEN,CLT,125,0.0,144.0,1337,632,-15.0
5,21,4,DL,ATL,MDW,1425,75.0,84.0,591,1524,59.0
5,21,4,MQ,DFW,TUL,1415,54.0,37.0,237,1522,49.0
5,21,4,EV,DFW,GGG,850,43.0,26.0,140,944,44.0
5,22,5,NK,LAS,BOS,2310,-8.0,253.0,2381,713,-39.0
5,22,5,MQ,DFW,MOB,2020,-6.0,72.0,539,2204,-9.0
5,22,5,F9,SFO,DEN,600,-7.0,133.0,967,930,-3.0
5,22,5,MQ,DFW,MHK,910,-5.0,72.0,431,1045,12.0
5,23,6,EV,ATL,BTV,1909,18.0,120.0,961,2134,12.0
5,23,6,AA,ORD,SEA,730,1.0,230.0,1721,1005,-26.0
5,23,6,DL,LAX,LAS,1945,-1.0,42.0,236,2059,-13.0
5,24,7,AA,DFW,SAT,930,0.0,46.0,247,1039,-8.0
5,24,7,MQ,ORD,MDT,1500,-5.0,70.0,594,1750,-27.0
5,24,7,DL,MSP,PHL,1130,-7.0,122.0,980,1502,-21.0
5,25,1,WN,DEN,BNA,600,0.0,137.0,1014,925,13.0
5,25,1,F9,LAS,CVG,910,-8.0,209.0,1678,1550,14.0
5,25,1,OO,ORD,MKE,855,-1.0,24.0,67,951,-3.0
5,26,2,NK,DFW,DEN,840,7.0,91.0,641,941,-4.0
5,26,2,EV,ATL,FAY,1154,0.0,50.0,331,1308,-10.0
5,26,2,NK,LAX,DFW,2025,180.0,147.0,1235,118,169.0
5,26,2,OO,IAH,CLE,715,87.0,135.0,1091,1102,76.0
5,27,3,DL,ATL,JAX,1215,9.0,45.0,270,1323,4.0
5,27,3,OO,ORD,SPI,1612,-6.0,34.0,174,1712,-6.0
5,27,3,NK,IAH,MCO,1318,61.0,115.0,854,1636,59.0
5,27,3,WN,DEN,ABQ,1540,-1.0,54.0,349,1655,-2.0
5,28,4,OO,IAH,MSP,1401,-3.0,133.0,1034,1645,-11.0
5,28,4,DL,ATL,MYR,950,-1.0,47.0,317,1107,-17.0
5,28,4,UA,LAX,MSY,1142,4.0,198.0,1670,1723,-9.0
5,28,4,EV,IAH,CVG,715,-7.0,125.0,871,1044,-12.0
5,29,5,UA,PHX,DEN,1131,-9.0,79.0,602,1418,-19.0
5,29,5,OO,DEN,FAT,2205,-6.0,116.0,844,2331,-17.0
5,29,5,WN,LAX,DEN,1400,68.0,111.0,862,1715,54.0
5,29,5,AA,DFW,PBI,2015,25.0,141.0,1102,2,30.0
5,30,6,EV,ORD,ATW,925,13.0,30.0,160,1022,3.0
5,30,6,DL,ATL,MCO,1055,-3.0,61.0,404,1226,-1.0
5,30,6,WN,DEN,IAD,1655,-1.0,180.0,1452,2215,-5.0
5,31,7,AA,DFW,IAD,2026,3.0,143.0,1172,28,-6.0
5,31,7,MQ,ORD,OMA,723,-8.0,60.0,416,900,-31.0
5,31,7,DL,ATL,MDT,1505,48.0,89.0,620,1707,96.0
5,31,7,DL,ATL,MIA,2255,17.0,79.0,594,46,8.0
6,1,1,NK,ATL,ORD,1048,11.0,90.0,606,1148,10.0
6,1,1,WN,SFO,SAN,920,3.0,65.0,447,1055,-10.0
6,1,1,DL,ATL,MIA,1500,43.0,87.0,594,1655,32.0
6,2,2,MQ,ORD,OKC,1035,0.0,91.0,693,1245,-16.0
6,2,2,AA,ORD,LGA,1450,242.0,104.0,733,1801,236.0
6,2,2,B6,LAX,FLL,2204,5.0,269.0,2343,600,5.0
6,2,2,OO,ORD,BNA,1820,29.0,62.0,409,1952,21.0
6,3,3,DL,MSP,LAS,1740,-5.0,175.0,1299,1901,-9.0
6,3,3,WN,LAS,SFO,1435,15.0,73.0,414,1610,10.0
6,3,3,DL,ATL,PHL,940,0.0,92.0,666,1148,-16.0
6,3,3,DL,ATL,SMF,1930,49.0,264.0,2092,2136,36.0
6,4,4,AS,MSP,SEA,1625,-6.0,190.0,1399,1755,-5.0
6,4,4,MQ,ORD,BMI,2005,-3.0,23.0,116,2059,-17.0
6,4,4,OO,DFW,SFO,600,18.0,200.0,1464,758,10.0
6,5,5,US,ATL,CLT,550,-3.0,39.0,226,657,-10.0
6,5,5,WN,PHX,MCI,1920,3.0,125.0,1044,2350,-4.0
6,5,5,WN,DEN,STL,1625,60.0,100.0,770,1925,54.0
6,5,5,DL,ATL,PDX,1929,-3.0,275.0,2172,2145,-24.0
6,6,6,WN,LAS,SFO,2030,-5.0,62.0,414,2205,-14.0
6,6,6,UA,LAS,EWR,2218,-5.0,250.0,2227,559,-10.0
6,6,6,EV,ATL,ROA,1036,-4.0,64.0,357,1202,-2.0
6,7,7,EV,ORD,FSD,1230,5.0,73.0,462,1410,6.0
6,7,7,UA,SFO,LAX,2013,42.0,59.0,337,2155,41.0
6,7,7,EV,DEN,ELP,1952,23.0,87.0,563,2144,14.0
6,7,7,UA,IAH,LAS,730,-1.0,161.0,1222,843,-11.0
6,7,7,WN,DEN,SEA,1545,-4.0,137.0,1024,1735,2.0
6,8,1,WN,LAS,SAT,945,-4.0,124.0,1069,1420,-7.0
6,8,1,AA,ORD,LAX,2210,20.0,228.0,1744,39,-3.0
6,8,1,F9,ATL,IAD,1510,0.0,79.0,534,1655,0.0
6,8,1,OO,DEN,SLC,1845,30.0,55.0,391,2015,10.0
6,9,2,UA,ORD,SNA,928,-8.0,231.0,1726,1148,-5.0
6,9,2,MQ,ORD,SUX,1320,-3.0,64.0,436,1458,-17.0
6,9,2,NK,LAX,DEN,935,-3.0,108.0,862,1256,-11.0
6,9,2,UA,ORD,EWR,1305,67.0,97.0,719,1635,57.0
6,10,3,AA,DFW,LGA,1540,-6.0,188.0,1389,2016,-3.0
6,10,3,UA,DEN,MCO,1000,-2.0,197.0,1546,1542,0.0
6,10,3,DL,ATL,DFW,959,-2.0,99.0,731,1120,-20.0
6,10,3,WN,LAS,OAK,1225,35.0,62.0,407,1350,39.0
6,11,4,EV,ORD,RAP,1910,64.0,122.0,779,2035,72.0
6,11,4,DL,MSP,PHL,709,-6.0,129.0,980,1047,-11.0
6,11,4,WN,ATL,LGA,1230,12.0,105.0,762,1450,13.0
6,11,4,EV,DFW,GRK,855,-5.0,27.0,134,948,-17.0
6,12,5,OO,ATL,FWA,905,-3.0,76.0,508,1042,-6.0
6,12,5,MQ,ORD,SGF,1721,74.0,72.0,438,1909,60.0
6,12,5,NK,LAS,DEN,821,8.0,86.0,628,1108,30.0
6,12,5,DL,ATL,BOS,815,3.0,126.0,946,1050,-4.0
6,13,6,AA,DFW,PBI,1205,13.0,153.0,1102,1601,11.0
6,13,6,WN,LAX,OAK,815,3.0,54.0,337,925,2.0
6,13,6,WN,DEN,OAK,2110,5.0,126.0,957,2245,-3.0
6,14,7,EV,IAH,TYR,1735,3.0,30.0,163,1830,-9.0
6,14,7,MQ,ORD,DSM,1333,2.0,46.0,299,1453,7.0
6,14,7,WN,DEN,LAS,2135,-1.0,86.0,628,2225,-9.0
6,14,7,VX,LAX,BOS,815,8.0,301.0,2611,1650,20.0
6,15,1,F9,DEN,MCO,700,-1.0,188.0,1546,1234,-9.0
6,15,1,OO,DEN,SBA,1105,45.0,131.0,916,1243,40.0
6,15,1,DL,ATL,LGA,2055,62.0,109.0,762,2317,54.0
6,15,1,DL,ORD,DTW,842,40.0,48.0,235,1104,92.0
6,16,2,UA,MSP,DEN,610,2.0,137.0,680,716,31.0
6,16,2,MQ,ORD,IND,649,,,177,847,
6,16,2,DL,ATL,EWR,1625,45.0,126.0,746,1852,111.0
6,16,2,AS,LAS,SEA,700,-7.0,136.0,867,929,-4.0
6,17,3,F9,DEN,MKE,840,22.0,107.0,896,1151,12.0
6,17,3,DL,ATL,FNT,930,0.0,86.0,645,1122,-12.0
6,17,3,MQ,ORD,MSN,2155,-2.0,25.0,108,2251,-3.0
6,17,3,UA,IAH,IAD,1708,166.0,148.0,1190,2120,151.0
6,18,4,UA,DEN,ORD,1736,5.0,111.0,888,2111,-9.0
6,18,4,MQ,ORD,CVG,926,54.0,42.0,265,1142,38.0
6,18,4,AA,DFW,ORD,2010,23.0,110.0,802,2244,11.0
6,19,5,UA,DEN,SAN,1524,86.0,110.0,853,1645,68.0
6,19,5,EV,ATL,DHN,1344,-4.0,54.0,170,1342,12.0
6,19,5,AA,DFW,LGA,1400,-6.0,188.0,1389,1834,-13.0
6,19,5,UA,ORD,BOS,943,-1.0,108.0,867,1308,-20.0
6,20,6,AA,LAS,ORD,505,-1.0,191.0,1514,1047,-8.0
6,20,6,DL,MSP,PHX,915,18.0,168.0,1276,1033,13.0
6,20,6,WN,LAS,SDF,1725,-2.0,189.0,1624,5,-16.0
6,20,6,WN,DEN,LAS,1550,-2.0,87.0,628,1645,-13.0
6,21,7,F9,DEN,SAN,750,-3.0,115.0,853,909,-3.0
6,21,7,UA,LAX,EWR,2348,23.0,281.0,2454,808,12.0
6,21,7,DL,ATL,ATW,1940,-1.0,109.0,765,2057,-9.0
6,22,1,OO,MSP,FAR,1746,158.0,38.0,223,1854,150.0
6,22,1,OO,ORD,OMA,1816,20.0,69.0,416,1954,9.0
6,22,1,DL,ATL,LAS,1800,-1.0,209.0,1747,1923,-30.0
6,22,1,AA,DFW,ABQ,905,-8.0,80.0,569,959,-8.0
6,23,2,AA,DFW,LAS,705,-5.0,134.0,1055,756,-23.0
6,23,2,DL,DEN,ATL,1300,-2.0,146.0,1199,1759,-19.0
6,23,2,UA,LAX,EWR,915,219.0,268.0,2454,1745,177.0
6,23,2,EV,ORD,SAV,1859,142.0,110.0,773,2218,133.0
6,24,3,EV,ATL,MLU,1954,29.0,61.0,448,2028,19.0
6,24,3,US,ORD,PHX,1055,-7.0,198.0,1440,1234,0.0
6,24,3,OO,SFO,MFR,2230,-7.0,47.0,329,2345,-18.0
6,24,3,UA,IAH,SAN,2120,86.0,160.0,1303,2236,68.0
6,25,4,EV,ATL,LEX,954,-3.0,58.0,304,1106,6.0
6,25,4,OO,LAX,SJC,1755,48.0,47.0,308,1906,48.0
6,25,4,DL,ATL,DTW,1455,0.0,90.0,594,1659,-10.0
6,25,4,OO,DFW,ORD,2024,-7.0,114.0,802,2247,-1.0
6,26,5,UA,ORD,IAD,608,0.0,79.0,589,901,-10.0
6,26,5,EV,ORD,JAN,910,54.0,94.0,677,1111,51.0
6,26,5,EV,IAH,PNS,1300,-9.0,76.0,489,1437,-11.0
6,27,6,AA,DFW,FAT,1840,1.0,173.0,1313,2011,-18.0
6,27,6,VX,SFO,BOS,2130,0.0,325.0,2704,610,8.0
6,27,6,AA,ORD,BOS,1845,56.0,107.0,867,2218,34.0
6,28,7,NK,DEN,PHX,1025,87.0,78.0,602,1114,76.0
6,28,7,DL,SFO,HNL,1505,29.0,293.0,2398,1729,24.0
6,28,7,OO,MSP,LEX,1418,-5.0,99.0,650,1712,20.0
6,28,7,WN,MSP,ATL,1645,3.0,111.0,907,2015,-1.0
6,29,1,US,PHX,DFW,1505,0.0,127.0,868,1926,8.0
6,29,1,UA,IAH,SNA,1431,104.0,167.0,1346,1553,92.0
6,29,1,WN,ATL,BWI,1345,-3.0,77.0,577,1540,-28.0
6,29,1,US,LAS,CLT,1400,2.0,238.0,1916,2118,5.0
6,30,2,EV,ORD,ROA,1345,5.0,79.0,531,1632,4.0
6,30,2,AA,LAX,HNL,1654,86.0,301.0,2556,1950,53.0
6,30,2,WN,LAS,RNO,2235,152.0,53.0,345,2350,147.0
6,30,2,WN,ATL,MCO,1130,36.0,64.0,404,1300,29.0
7,1,3,AA,LAX,DFW,500,-4.0,162.0,1235,1012,-18.0
7,1,3,OO,ORD,CHO,2202,-4.0,80.0,567,100,-22.0
7,1,3,DL,ATL,SAV,2305,32.0,34.0,214,7,25.0
7,1,3,OO,PHX,SEA,705,-4.0,147.0,1107,1005,-12.0
7,2,4,MQ,DFW,CLL,1200,-4.0,30.0,164,1300,-5.0
7,2,4,OO,LAX,PHX,754,-2.0,65.0,370,925,-7.0
7,2,4,DL,ATL,GRR,840,-1.0,83.0,640,1029,-5.0
7,2,4,EV,DFW,GRK,2010,4.0,27.0,134,2106,-7.0
7,3,5,DL,MSP,JAC,1538,13.0,113.0,872,1700,3.0
7,3,5,AA,DFW,AUS,1225,-2.0,32.0,190,1329,-11.0
7,3,5,WN,LAX,SJC,1015,43.0,46.0,308,1120,46.0
7,4,6,WN,SFO,LAS,1435,-2.0,63.0,414,1615,-26.0
7,4,6,AA,PHX,IAH,1850,-6.0,125.0,1009,2331,-9.0
7,5,7,DL,MSP,BOI,1135,-7.0,156.0,1142,1335,-13.0
7,5,7,AS,DEN,SEA,1310,-2.0,147.0,1024,1455,0.0
7,5,7,WN,DEN,DAY,1830,-4.0,134.0,1085,2305,5.0
7,5,7,WN,PHX,DEN,1445,73.0,108.0,602,1730,89.0
7,6,1,UA,IAH,EWR,1015,16.0,179.0,1400,1455,-2.0
7,6,1,AA,DFW,SEA,1355,4.0,214.0,1660,1610,-12.0
7,6,1,OO,SFO,PHX,1545,28.0,95.0,651,1756,13.0
7,6,1,AA,SFO,DFW,645,0.0,180.0,1464,1221,-5.0
7,7,2,DL,IAH,ATL,1344,-6.0,96.0,689,1700,-19.0
7,7,2,AA,PHX,IND,905,6.0,172.0,1488,1541,-1.0
7,7,2,DL,LAX,ATL,1320,8.0,236.0,1947,2054,-6.0
7,7,2,AA,ORD,LAS,1330,-1.0,200.0,1514,1530,8.0
7,8,3,MQ,DFW,EVV,1200,-5.0,90.0,642,1400,-3.0
7,8,3,WN,ATL,FLL,2220,29.0,84.0,581,10,17.0
7,8,3,EV,IAH,HDN,1745,-4.0,132.0,985,1935,-24.0
7,8,3,EV,ORD,XNA,1553,-1.0,86.0,522,1740,3.0
7,9,4,OO,DEN,COD,1515,-3.0,60.0,391,1643,-13.0
7,9,4,WN,PHX,BUR,2020,17.0,69.0,369,2140,16.0
7,9,4,WN,LAX,BNA,1225,33.0,206.0,1797,1825,14.0
7,9,4,UA,LAS,IAH,35,-9.0,138.0,1222,534,-23.0
7,10,5,AA,DFW,DEN,1225,-1.0,90.0,641,1334,-11.0
7,10,5,WN,LAX,OAK,1655,6.0,52.0,337,1810,-1.0
7,10,5,AA,LAX,ORD,1315,-4.0,205.0,1744,1935,-19.0
7,11,6,AA,PHX,ATL,1510,226.0,189.0,1587,2155,215.0
7,11,6,AA,ORD,STL,1846,-4.0,49.0,258,2009,-16.0
7,11,6,OO,ORD,EAU,1707,-4.0,51.0,268,1823,-8.0
7,12,7,AA,ORD,DFW,505,-5.0,104.0,802,728,-24.0
7,12,7,DL,ATL,DFW,1745,12.0,95.0,731,1908,-12.0
7,12,7,WN,DEN,BNA,600,-4.0,117.0,1014,925,-7.0
7,12,7,UA,IAH,SAN,2118,0.0,161.0,1303,2230,-6.0
7,13,1,WN,LAS,BDL,1800,133.0,258.0,2297,155,110.0
7,13,1,EV,IAH,TUL,1302,-3.0,68.0,429,1436,-8.0
7,13,1,WN,LAS,DTW,1245,5.0,198.0,1749,1945,-22.0
7,13,1,DL,MSP,ORD,1300,0.0,57.0,334,1425,-8.0
7,14,2,EV,ORD,FSD,918,-1.0,70.0,462,1100,4.0
7,14,2,WN,DEN,DAL,535,2.0,93.0,651,830,-5.0
7,14,2,EV,ATL,TLH,1356,-6.0,40.0,223,1505,-5.0
7,14,2,AA,PHX,BOI,2009,87.0,90.0,735,2315,67.0
7,15,3,OO,ORD,DLH,2237,-14.0,69.0,397,15,-5.0
7,15,3,WN,LAX,HOU,925,14.0,175.0,1390,1445,15.0
7,15,3,AA,SFO,PHL,1335,18.0,292.0,2521,2158,4.0
7,16,4,EV,ATL,TYS,1210,41.0,31.0,152,1304,34.0
7,16,4,WN,LAS,DSM,1325,-2.0,145.0,1216,1815,-5.0
7,16,4,OO,MSP,DIK,1953,19.0,75.0,481,2044,7.0
7,16,4,UA,DEN,EWR,803,-9.0,196.0,1605,1357,-24.0
7,16,4,OO,SFO,BZN,905,14.0,108.0,807,1222,14.0
7,17,5,AA,LAS,PHX,2115,-10.0,48.0,255,2225,8.0
7,17,5,OO,ORD,BDL,1131,-8.0,102.0,783,1439,-13.0
7,17,5,AA,ATL,CLT,1355,-4.0,39.0,226,1515,-17.0
7,18,6,DL,ATL,BNA,1800,49.0,38.0,214,1813,34.0
7,18,6,UA,LAX,SFO,2015,150.0,50.0,337,2143,151.0
7,18,6,EV,IAH,MOB,717,-4.0,66.0,427,843,1.0
7,18,6,OO,SFO,LAX,919,-5.0,58.0,337,1056,18.0
7,19,7,UA,SFO,KOA,915,9.0,286.0,2367,1138,-8.0
7,19,7,AA,DFW,OKC,1855,10.0,38.0,175,2003,0.0
7,19,7,DL,MSP,MSN,1956,-4.0,36.0,228,2053,-5.0
7,19,7,WN,LAX,BWI,1255,7.0,308.0,2329,2105,53.0
7,20,1,AA,LAX,PHL,820,-4.0,267.0,2402,1653,-42.0
7,20,1,MQ,ORD,RST,1707,-2.0,45.0,268,1833,-19.0
7,20,1,AA,DFW,LAX,1050,-2.0,167.0,1235,1216,-20.0
7,21,2,DL,LAS,MSP,900,4.0,157.0,1299,1403,1.0
7,21,2,UA,IAH,SFO,2110,12.0,205.0,1635,2313,10.0
7,21,2,WN,LAS,SMF,1245,-1.0,66.0,397,1410,-2.0
7,21,2,EV,DFW,MLU,1559,-2.0,44.0,293,1708,-12.0
7,22,3,DL,ATL,GRR,2109,32.0,85.0,640,2310,11.0
7,22,3,VX,LAS,SFO,1235,-2.0,68.0,414,1405,-9.0
7,22,3,DL,LAX,BOS,910,7.0,281.0,2611,1758,-25.0
7,22,3,DL,LAX,SFO,1105,-5.0,51.0,337,1225,29.0
7,23,4,NK,LAS,DTW,1053,3.0,204.0,1749,1753,-9.0
7,23,4,AA,DFW,LAX,2220,4.0,151.0,1235,2341,-20.0
7,23,4,AA,DFW,AUS,1225,-2.0,32.0,190,1329,-3.0
7,23,4,OO,DEN,GCC,1122,-9.0,49.0,313,1239,-15.0
7,24,5,OO,DEN,FAT,805,-8.0,117.0,844,928,-10.0
7,24,5,WN,ATL,BWI,530,42.0,81.0,577,715,40.0
7,24,5,EV,DFW,GPT,1210,-3.0,78.0,500,1351,4.0
7,25,6,WN,PHX,RDU,910,6.0,235.0,1891,1635,-3.0
7,25,6,OO,DEN,SLC,1145,-5.0,58.0,391,1315,-19.0
7,25,6,AA,ORD,BOS,2035,14.0,103.0,867,6,-13.0
7,25,6,OO,DEN,CPR,1105,-5.0,37.0,230,1209,-7.0
7,26,7,DL,ATL,MDT,1519,-2.0,85.0,620,1721,-20.0
7,26,7,WN,LAS,BUF,1650,-4.0,222.0,1986,5,-17.0
7,26,7,DL,ATL,JAX,840,-1.0,44.0,270,940,-1.0
7,26,7,EV,ORD,DTW,1105,-3.0,51.0,235,1330,-4.0
7,27,1,AA,DEN,CLT,120,-6.0,170.0,1337,623,0.0
7,27,1,DL,MSP,SAN,925,-4.0,203.0,1532,1108,-3.0
7,27,1,DL,MSP,LAS,1945,19.0,168.0,1299,2107,21.0
7,27,1,DL,ATL,DTW,1735,-3.0,90.0,594,1940,5.0
7,28,2,WN,LAS,SJC,1350,8.0,60.0,386,1515,-5.0
7,28,2,EV,ATL,MOB,1400,-5.0,53.0,302,1412,1.0
7,28,2,UA,SFO,AUS,1049,23.0,190.0,1504,1628,15.0
7,29,3,UA,SFO,IAD,1308,66.0,271.0,2419,2120,54.0
7,29,3,DL,ATL,SHV,1548,-2.0,75.0,551,1635,0.0
7,29,3,EV,ORD,PIA,1426,130.0,30.0,130,1523,130.0
7,29,3,WN,DEN,IAD,1025,18.0,175.0,1452,1550,0.0
7,29,3,DL,ATL,MYR,955,-2.0,48.0,317,1111,-7.0
7,30,4,WN,ATL,RSW,1340,44.0,76.0,515,1520,39.0
7,30,4,DL,SFO,MSP,1107,-6.0,178.0,1589,1645,-20.0
7,30,4,MQ,DFW,GJT,1830,-6.0,109.0,773,1949,-3.0
7,31,5,WN,ATL,TPA,1355,15.0,61.0,406,1525,6.0
7,31,5,UA,LAS,IAH,1508,11.0,171.0,1222,2021,9.0
7,31,5,AA,PHX,BWI,1520,26.0,230.0,1999,2246,25.0
7,31,5,DL,LAX,ATL,1615,-4.0,231.0,1947,2340,-18.0
8,1,6,UA,SFO,IAD,844,1.0,267.0,2419,1658,-27.0
8,1,6,EV,ORD,FAR,1546,-7.0,87.0,557,1746,-4.0
8,1,6,AA,DFW,MCO,1015,40.0,143.0,985,1355,74.0
8,1,6,DL,DFW,ATL,1716,-5.0,113.0,731,2032,-3.0
8,2,7,UA,ATL,EWR,2030,6.0,101.0,746,2259,2.0
8,2,7,EV,ORD,CRW,2059,,,416,2333,
8,2,7,AA,DFW,SMF,910,-4.0,178.0,1431,1054,-18.0
8,2,7,MQ,DFW,SAV,1505,-1.0,120.0,925,1836,-9.0
8,3,1,DL,ATL,MIA,2205,-2.0,83.0,594,2358,-10.0
8,3,1,OO,DEN,PSC,2205,-2.0,128.0,852,2328,9.0
8,3,1,OO,MSP,GTF,1120,9.0,121.0,887,1255,7.0
8,4,2,AA,PHX,CLT,1000,-1.0,208.0,1773,1708,-17.0
8,4,2,UA,SFO,JFK,1253,17.0,287.0,2586,2140,-3.0
8,4,2,UA,SFO,HNL,1055,9.0,294.0,2398,1319,4.0
8,4,2,UA,SFO,SAN,600,-8.0,68.0,447,741,-25.0
8,5,3,UA,IAH,ATL,1539,-1.0,95.0,689,1854,-15.0
8,5,3,NK,DFW,ORD,1637,11.0,121.0,802,1858,13.0
8,5,3,WN,SFO,SAN,910,1.0,70.0,447,1050,10.0
8,5,3,DL,ATL,BOS,1005,-3.0,126.0,946,1246,-12.0
8,6,4,VX,SFO,EWR,1440,3.0,289.0,2565,2259,0.0
8,6,4,WN,ATL,RIC,1340,14.0,71.0,481,1520,21.0
8,6,4,WN,ATL,DCA,2050,-1.0,78.0,547,2230,2.0
8,6,4,UA,SFO,PDX,1752,-4.0,75.0,550,1941,-9.0
8,7,5,AA,LAX,DFW,1410,-5.0,153.0,1235,1931,-18.0
8,7,5,OO,ORD,MKE,1302,-5.0,22.0,67,1350,-3.0
8,7,5,AA,DFW,SLC,1715,1.0,137.0,989,1906,-4.0
8,8,6,UA,LAX,DEN,1547,25.0,102.0,862,1910,6.0
8,8,6,EV,DFW,IAH,1427,-7.0,43.0,224,1541,-16.0
8,8,6,F9,DEN,MKE,830,-9.0,113.0,896,1147,-12.0
8,8,6,WN,LAX,SFO,1450,,,337,1605,
8,9,7,UA,ORD,MSY,857,1.0,103.0,837,1118,-17.0
8,9,7,AA,DFW,MCO,1015,-5.0,131.0,985,1355,-10.0
8,9,7,AA,ORD,SEA,2035,18.0,240.0,1721,2316,0.0
8,10,1,OO,DEN,FAT,1515,-3.0,119.0,844,1638,0.0
8,10,1,VX,LAX,EWR,2330,-10.0,272.0,2454,750,-15.0
8,10,1,UA,ORD,LGA,945,19.0,90.0,733,1259,4.0
8,10,1,VX,LAX,SEA,745,0.0,126.0,954,1015,-1.0
8,11,2,DL,LAX,MSP,1740,26.0,174.0,1535,2313,3.0
8,11,2,DL,ATL,JFK,950,-3.0,107.0,760,1215,-4.0
8,11,2,UA,SFO,DEN,808,-11.0,118.0,967,1144,-26.0
8,11,2,DL,ATL,BOS,2030,-1.0,122.0,946,2309,-6.0
8,11,2,AA,LAX,ATL,2230,-2.0,238.0,1947,606,-18.0
8,12,3,WN,LAS,PDX,1955,1.0,100.0,763,2210,-22.0
8,12,3,WN,LAS,SLC,2110,0.0,55.0,368,2325,-4.0
8,12,3,EV,ORD,LEX,1353,-5.0,50.0,323,1610,-8.0
8,12,3,F9,SFO,DEN,600,-4.0,120.0,967,932,-11.0
8,13,4,OO,DEN,FAT,1515,10.0,119.0,844,1638,18.0
8,13,4,EV,ATL,CHA,1835,-3.0,24.0,106,1927,-6.0
8,13,4,F9,DEN,LAS,2137,56.0,91.0,628,2225,86.0
8,13,4,DL,DEN,SLC,1915,-2.0,58.0,391,2047,1.0
8,14,5,DL,ATL,RIC,1205,-1.0,66.0,481,1339,-10.0
8,14,5,DL,ATL,MIA,1345,-2.0,88.0,594,1550,-18.0
8,14,5,MQ,DFW,GGG,1700,4.0,28.0,140,1758,8.0
8,14,5,UA,ORD,CLE,1554,-2.0,54.0,315,1816,-7.0
8,15,6,OO,DEN,MFR,1113,-8.0,136.0,964,1300,-16.0
8,15,6,EV,DFW,TYS,1815,-5.0,106.0,772,2122,-12.0
8,15,6,AA,LAX,AUS,1845,-6.0,157.0,1242,2355,-21.0
8,16,7,OO,SFO,MRY,2230,-6.0,20.0,77,2320,-17.0
8,16,7,UA,SFO,ORD,18,122.0,211.0,1846,634,100.0
8,16,7,EV,IAH,PNS,715,13.0,72.0,489,852,15.0
8,16,7,AA,DFW,ABQ,1855,81.0,79.0,569,1951,64.0
8,17,1,EV,DFW,LCH,1551,-6.0,61.0,295,1706,4.0
8,17,1,OO,SFO,MFR,1246,-7.0,52.0,329,1411,-23.0
8,17,1,AA,LAX,MIA,10,0.0,280.0,2342,822,1.0
8,17,1,UA,IAH,DTW,1737,4.0,148.0,1075,2128,12.0
8,18,2,AS,SFO,SLC,2120,-10.0,81.0,599,9,-18.0
8,18,2,EV,ORD,BTV,842,-3.0,98.0,763,1148,-14.0
8,18,2,MQ,DFW,HOU,1615,134.0,43.0,247,1722,123.0
8,19,3,EV,DFW,LEX,2020,25.0,107.0,785,2340,18.0
8,19,3,OO,IAH,SAT,1541,13.0,52.0,191,1643,31.0
8,19,3,DL,MSP,DTW,655,16.0,71.0,528,932,15.0
8,19,3,DL,ATL,PHX,1635,0.0,213.0,1587,1738,28.0
8,20,4,OO,MSP,GFK,916,-1.0,54.0,284,1034,-10.0
8,20,4,OO,DEN,XNA,1008,16.0,75.0,616,1259,6.0
8,20,4,AA,PHX,BOS,1230,99.0,262.0,2300,2031,80.0
8,21,5,OO,IAH,DFW,1430,2.0,44.0,224,1546,-9.0
8,21,5,UA,ORD,DEN,2240,-5.0,118.0,888,14,-20.0
8,21,5,AA,ORD,MCO,1217,52.0,125.0,1005,1605,26.0
8,21,5,EV,ORD,DAY,1045,1.0,48.0,240,1251,7.0
8,22,6,AA,ORD,PHX,1530,0.0,188.0,1440,1719,-25.0
8,22,6,DL,ATL,ELP,1100,-3.0,163.0,1282,1209,-12.0
8,22,6,DL,ATL,RSW,1921,-2.0,73.0,515,2104,-7.0
8,23,7,EV,ORD,GSP,1851,18.0,74.0,578,2137,9.0
8,23,7,AA,DFW,MCI,1210,-6.0,76.0,460,1352,-8.0
8,23,7,DL,ORD,ATL,1010,-6.0,86.0,606,1308,-20.0
8,24,1,UA,ORD,CLT,1735,23.0,82.0,599,2036,12.0
8,24,1,EV,MSP,FSD,1128,0.0,34.0,196,1228,2.0
8,24,1,DL,ATL,LEX,2308,-9.0,45.0,304,16,-18.0
8,24,1,DL,LAX,DTW,2320,-2.0,227.0,1979,642,-11.0
8,25,2,UA,LAX,OGG,1733,49.0,309.0,2486,2016,36.0
8,25,2,WN,PHX,OAK,1710,56.0,90.0,646,1905,52.0
8,25,2,WN,LAX,MDW,845,0.0,207.0,1750,1440,3.0
8,25,2,EV,ATL,CHO,1454,-5.0,68.0,457,1626,-13.0
8,26,3,UA,LAX,IAH,645,-5.0,170.0,1379,1202,-3.0
8,26,3,DL,ATL,DAY,815,-3.0,59.0,432,942,3.0
8,26,3,AA,SFO,JFK,845,-5.0,297.0,2586,1742,-39.0
8,27,4,EV,ORD,CAK,737,-6.0,57.0,343,956,-9.0
8,27,4,UA,SFO,IAH,734,-6.0,196.0,1635,1330,-12.0
8,27,4,DL,ATL,TPA,2042,-2.0,60.0,406,2209,-16.0
8,27,4,OO,MSP,ABR,2148,-10.0,43.0,257,2259,-20.0
8,28,5,OO,ORD,MBS,1012,-9.0,41.0,222,1219,-15.0
8,28,5,OO,DFW,LAX,1621,-10.0,168.0,1235,1744,-19.0
8,28,5,DL,MSP,ORD,1937,0.0,66.0,334,2104,17.0
8,29,6,AA,IAH,DFW,1749,-8.0,43.0,224,1906,-9.0
8,29,6,AA,LAX,DFW,1534,14.0,161.0,1235,2052,7.0
8,29,6,WN,DEN,MDW,730,-4.0,122.0,895,1050,-5.0
8,30,7,WN,DEN,DAL,1350,-1.0,89.0,651,1645,-7.0
8,30,7,UA,DEN,ORD,1516,-1.0,120.0,888,1846,-13.0
8,30,7,F9,ORD,LAS,2000,17.0,193.0,1514,2155,4.0
8,31,1,WN,LAX,PHX,1100,12.0,54.0,370,1215,13.0
8,31,1,DL,ATL,TYS,1735,12.0,29.0,152,1835,-4.0
8,31,1,MQ,DFW,PIA,2020,-5.0,103.0,672,2226,-15.0
8,31,1,EV,IAH,LBB,1432,-3.0,72.0,458,1609,-11.0
9,1,2,AA,IAH,DFW,1606,-5.0,42.0,224,1725,-13.0
9,1,2,AA,DFW,BOS,1155,0.0,190.0,1562,1644,-15.0
9,1,2,UA,SFO,PDX,806,-1.0,75.0,550,956,-16.0
9,1,2,WN,ATL,PIT,1005,-3.0,73.0,526,1150,-19.0
9,2,3,VX,LAX,EWR,2335,-5.0,286.0,2454,750,-13.0
9,2,3,AA,DFW,MCO,1350,1.0,137.0,985,1734,-4.0
9,2,3,AA,IAH,DFW,945,-7.0,39.0,224,1104,-24.0
9,2,3,MQ,DFW,ABI,2005,-4.0,27.0,158,2059,-16.0
9,3,4,MQ,ORD,FSD,1315,-7.0,73.0,462,1456,-19.0
9,3,4,OO,ORD,MKE,1412,5.0,23.0,67,1458,7.0
9,3,4,DL,ATL,DTW,1455,-1.0,105.0,594,1654,39.0
9,3,4,F9,ORD,PHL,1915,-8.0,108.0,678,2210,52.0
9,4,5,AA,PHX,SAN,2010,-4.0,50.0,304,2121,-5.0
9,4,5,UA,DEN,MCO,1552,-2.0,177.0,1546,2127,-23.0
9,4,5,AA,DFW,ORD,1205,0.0,111.0,802,1440,9.0
9,5,6,AA,PHX,CMH,850,-4.0,197.0,1670,1546,-15.0
9,5,6,UA,ORD,IAH,619,1.0,116.0,925,905,-23.0
9,5,6,MQ,DFW,SAF,1525,-4.0,77.0,551,1618,-18.0
9,6,7,EV,IAH,AEX,1537,-4.0,45.0,190,1636,8.0
9,6,7,F9,ATL,MSP,605,98.0,153.0,907,740,138.0
9,6,7,UA,ORD,PDX,1550,3.0,242.0,1739,1817,1.0
9,7,1,DL,ATL,ECP,1355,-1.0,40.0,240,1406,-8.0
9,7,1,OO,SFO,SEA,1550,-6.0,104.0,679,1755,-5.0
9,7,1,UA,DEN,LAX,600,-5.0,121.0,862,730,-17.0
9,7,1,OO,PHX,SEA,1109,-2.0,159.0,1107,1411,-4.0
9,8,2,OO,PHX,MRY,1340,-8.0,99.0,598,1531,1.0
9,8,2,EV,IAH,CRP,1735,-3.0,37.0,201,1840,-17.0
9,8,2,DL,ORD,DTW,1025,16.0,45.0,235,1242,7.0
9,9,3,NK,MSP,DEN,1444,8.0,101.0,680,1550,5.0
9,9,3,WN,LAS,SJC,1405,-4.0,57.0,386,1530,-13.0
9,9,3,DL,ATL,TPA,730,-2.0,63.0,406,850,-1.0
9,10,4,MQ,ORD,RST,1700,-2.0,50.0,268,1818,-8.0
9,10,4,AA,DFW,LGA,1201,,,1389,1630,
9,10,4,EV,DFW,BPT,1635,35.0,54.0,270,1745,54.0
9,10,4,MQ,ORD,OKC,1340,-3.0,94.0,693,1550,2.0
9,11,5,MQ,ORD,PIT,1515,40.0,56.0,413,1752,29.0
9,11,5,OO,MSP,GRR,1005,0.0,54.0,408,1235,-12.0
9,11,5,B6,LAS,JFK,2245,4.0,277.0,2248,638,6.0
9,11,5,EV,ORD,PIA,917,-7.0,32.0,130,1012,-7.0
9,12,6,DL,LAX,JFK,610,-5.0,304.0,2475,1437,-1.0
9,12,6,DL,ATL,PHX,1635,-1.0,208.0,1587,1733,-14.0
9,12,6,WN,ATL,RDU,1400,-1.0,60.0,356,1520,1.0
9,13,7,UA,ORD,IAH,1609,10.0,117.0,925,1852,-15.0
9,13,7,OO,LAX,SJC,1549,-9.0,49.0,308,1705,0.0
9,13,7,DL,MSP,FCA,1132,-4.0,143.0,1026,1324,-20.0
9,14,1,AA,DFW,MFE,1520,130.0,65.0,469,1656,116.0
9,14,1,OO,LAX,FAT,1940,36.0,43.0,209,2046,27.0
9,14,1,DL,MSP,DCA,655,-2.0,119.0,931,1019,-13.0
9,14,1,WN,PHX,SAN,2055,13.0,50.0,304,2200,22.0
9,15,2,DL,ATL,CVG,940,1.0,57.0,373,1104,-10.0
9,15,2,UA,LAS,ORD,709,38.0,181.0,1514,1250,22.0
9,15,2,AA,IAH,DFW,1052,-9.0,41.0,224,1213,-23.0
9,15,2,F9,ORD,SFO,2120,-6.0,250.0,1846,2358,0.0
9,16,3,EV,ATL,VLD,2107,-3.0,41.0,208,2209,2.0
9,16,3,WN,LAX,AUS,835,2.0,151.0,1242,1330,-7.0
9,16,3,AA,PHX,SMF,1335,103.0,98.0,647,1532,100.0
9,17,4,DL,ATL,MCO,2305,3.0,59.0,404,21,1.0
9,17,4,AA,DFW,BDL,1205,66.0,191.0,1471,1635,64.0
9,17,4,WN,LAS,DAL,955,4.0,133.0,1067,1440,-10.0
9,17,4,DL,ATL,MSY,1050,6.0,66.0,425,1121,5.0
9,18,5,UA,IAH,EWR,1552,0.0,190.0,1400,2033,-14.0
9,18,5,AA,PHX,SAN,2010,2.0,46.0,304,2124,-9.0
9,18,5,OO,IAH,MSY,1540,2.0,47.0,305,1653,-3.0
9,19,6,NK,DFW,MCO,1601,-8.0,127.0,985,1931,3.0
9,19,6,OO,DEN,GTF,1850,108.0,88.0,624,2046,102.0
9,19,6,AS,DFW,SEA,1335,-5.0,213.0,1660,1540,-20.0
9,20,7,AA,DFW,DCA,1325,0.0,139.0,1192,1727,-6.0
9,20,7,MQ,ORD,BMI,1655,-1.0,23.0,116,1756,-15.0
9,20,7,EV,IAH,MCI,723,-6.0,104.0,643,930,-13.0
9,20,7,EV,IAH,TYR,1540,-2.0,31.0,163,1641,-10.0
9,21,1,NK,DFW,MCO,1601,-3.0,130.0,985,1931,2.0
9,21,1,DL,ATL,ORF,1025,-2.0,70.0,516,1158,-7.0
9,21,1,DL,ATL,AUS,1006,2.0,113.0,813,1125,3.0
9,21,1,WN,DEN,MDW,1905,-2.0,107.0,895,2220,-17.0
9,22,2,AA,PHX,PHL,700,-6.0,235.0,2075,1429,-20.0
9,22,2,EV,ATL,CSG,1000,-8.0,25.0,83,1046,-6.0
9,22,2,AS,LAX,SEA,1420,-14.0,126.0,954,1658,-18.0
9,23,3,WN,ATL,MSY,820,-7.0,61.0,425,850,-9.0
9,23,3,AA,DFW,SJC,1720,10.0,193.0,1438,1905,2.0
9,23,3,EV,ATL,AGS,1344,-5.0,27.0,143,1434,-8.0
9,24,4,MQ,ORD,SGF,1325,0.0,64.0,438,1510,-24.0
9,24,4,VX,SFO,ORD,1115,-4.0,219.0,1846,1725,-10.0
9,24,4,WN,LAX,MSY,1400,10.0,196.0,1670,1940,4.0
9,24,4,F9,DEN,DCA,1635,-2.0,200.0,1476,2156,16.0
9,25,5,AA,LAS,JFK,1110,-5.0,280.0,2248,1924,-18.0
9,25,5,OO,ORD,CHS,602,-2.0,105.0,760,909,-1.0
9,25,5,EV,IAH,LBB,1435,-7.0,67.0,458,1612,-14.0
9,26,6,AA,PHX,SFO,740,-5.0,96.0,651,949,-20.0
9,26,6,EV,ORD,CLT,1735,-2.0,89.0,599,2040,5.0
9,26,6,WN,DEN,MSP,1855,-7.0,91.0,680,2145,-8.0
9,27,7,EV,ORD,CAE,1357,-3.0,95.0,667,1653,12.0
9,27,7,DL,ATL,MSP,1052,-1.0,125.0,907,1224,-12.0
9,27,7,DL,ATL,DCA,2155,-3.0,72.0,547,2338,-11.0
9,27,7,WN,PHX,SJC,1710,-3.0,90.0,621,1900,-11.0
9,28,1,UA,IAH,ATL,1603,-3.0,91.0,689,1916,-13.0
9,28,1,WN,LAX,SFO,1705,-1.0,57.0,337,1820,-4.0
9,28,1,MQ,ORD,EWR,600,-6.0,104.0,719,904,-3.0
9,29,2,UA,ORD,BTV,1740,-1.0,93.0,763,2042,-4.0
9,29,2,UA,LAS,LAX,612,-3.0,42.0,236,730,-4.0
9,29,2,OO,ATL,ORD,717,-2.0,102.0,606,822,-3.0
9,29,2,WN,LAX,SLC,830,1.0,84.0,590,1110,-4.0
9,30,3,MQ,DFW,OKC,1726,17.0,30.0,175,1826,4.0
9,30,3,EV,ORD,OKC,910,-7.0,105.0,693,1122,-9.0
9,30,3,EV,DFW,TLH,1835,34.0,99.0,767,2148,24.0
9,30,3,DL,ATL,PHL,1340,94.0,98.0,666,1551,86.0
11,1,7,DL,SFO,MSP,1235,-6.0,170.0,1589,1809,-20.0
11,1,7,VX,LAS,SFO,2145,48.0,70.0,414,2315,46.0
11,1,7,WN,ATL,PHX,935,3.0,217.0,1587,1200,-27.0
11,2,1,DL,ATL,SEA,940,-1.0,302.0,2182,1215,-13.0
11,2,1,UA,MSP,DEN,600,-3.0,104.0,680,720,-19.0
11,2,1,WN,PHX,LAS,1820,0.0,46.0,255,1825,3.0
11,2,1,EV,ORD,CAE,1738,0.0,87.0,666,2032,22.0
11,3,2,MQ,ORD,DSM,1333,8.0,45.0,299,1455,-10.0
11,3,2,F9,DEN,IND,1030,2.0,119.0,977,1451,12.0
11,3,2,VX,SFO,LAS,900,-1.0,71.0,414,1030,-1.0
11,4,3,OO,IAH,MSY,1015,0.0,44.0,305,1125,-3.0
11,4,3,EV,DFW,SAF,850,-5.0,84.0,551,944,-17.0
11,4,3,UA,IAH,SMF,1815,-8.0,216.0,1609,2031,-26.0
11,4,3,WN,LAX,SFO,1700,-3.0,60.0,337,1815,-4.0
11,5,4,MQ,ORD,OKC,1704,-3.0,124.0,693,1922,21.0
11,5,4,AA,DFW,MSP,1520,-7.0,105.0,852,1742,-25.0
11,5,4,WN,ATL,OAK,835,52.0,307.0,2130,1110,40.0
11,5,4,DL,ATL,JFK,1210,21.0,107.0,760,1440,16.0
11,6,5,UA,IAH,EWR,1745,9.0,158.0,1400,2214,10.0
11,6,5,WN,PHX,OMA,1955,-3.0,123.0,1037,2320,-12.0
11,6,5,WN,PHX,MSP,1955,-7.0,152.0,1276,2355,-23.0
11,6,5,WN,DEN,SLC,1940,58.0,57.0,391,2105,68.0
11,7,6,AA,PHX,SAN,1810,-5.0,47.0,304,1819,-9.0
11,7,6,UA,DEN,SAN,1904,-1.0,115.0,853,2029,-10.0
11,8,7,DL,ATL,LGA,1345,14.0,94.0,762,1610,-15.0
11,8,7,OO,SFO,ONT,1706,33.0,58.0,363,1832,35.0
11,8,7,DL,ATL,MIA,1002,12.0,86.0,594,1156,10.0
11,8,7,AA,DFW,MIA,500,-3.0,134.0,1121,838,-12.0
11,9,1,WN,ATL,PHL,1555,26.0,91.0,666,1755,14.0
11,9,1,MQ,ORD,FNT,1645,-9.0,36.0,223,1853,-16.0
11,9,1,UA,LAS,SFO,1031,35.0,74.0,414,1217,45.0
11,9,1,MQ,DFW,LCH,2210,-12.0,46.0,295,2323,-19.0
11,10,2,NK,IAH,DEN,1951,-11.0,121.0,862,2117,-15.0
11,10,2,EV,MSP,FAR,1527,-6.0,43.0,223,1640,-21.0
11,10,2,WN,PHX,DAL,1010,0.0,104.0,879,1325,-12.0
11,11,3,AA,ORD,BOS,700,-7.0,107.0,867,1019,-13.0
11,11,3,AA,ORD,SAN,715,-6.0,255.0,1723,941,8.0
11,11,3,EV,ATL,XNA,821,-4.0,92.0,589,921,-7.0
11,12,4,UA,ORD,LGA,800,-4.0,97.0,733,1109,-14.0
11,12,4,AA,PHX,CMH,1620,-3.0,176.0,1670,2154,-20.0
11,12,4,WN,DEN,PHX,2220,-2.0,92.0,602,15,-10.0
11,12,4,DL,ATL,IAD,2156,-2.0,68.0,534,2343,-25.0
11,13,5,UA,IAH,LAX,1930,11.0,187.0,1379,2120,-4.0
11,13,5,DL,ATL,MIA,859,0.0,82.0,594,1048,-2.0
11,13,5,DL,ATL,LAX,1230,20.0,266.0,1947,1430,14.0
11,14,6,EV,IAH,SDF,1916,-4.0,106.0,788,2228,-1.0
11,14,6,UA,PHX,ORD,1526,-1.0,171.0,1440,1954,-25.0
11,14,6,UA,ORD,RDU,2052,-4.0,86.0,646,2353,-21.0
11,15,7,WN,LAS,RNO,1845,27.0,58.0,345,2005,17.0
11,15,7,WN,SFO,LAX,1830,135.0,53.0,337,1950,143.0
11,15,7,VX,SFO,LAX,1530,-1.0,49.0,337,1650,-8.0
11,15,7,DL,ATL,LGA,745,1.0,97.0,762,1000,-21.0
11,16,1,AA,SFO,PHL,1045,-2.0,301.0,2521,1905,3.0
11,16,1,WN,DEN,SAT,1310,15.0,123.0,794,1615,25.0
11,16,1,DL,ATL,LAX,1633,0.0,269.0,1947,1840,-15.0
11,17,2,WN,LAS,SAT,1420,-1.0,128.0,1069,1855,27.0
11,17,2,OO,MSP,MOT,2154,0.0,62.0,449,2333,-8.0
11,17,2,WN,LAS,DAL,855,2.0,133.0,1067,1335,-2.0
11,18,3,UA,SFO,SEA,1349,-5.0,103.0,679,1603,7.0
11,18,3,MQ,DFW,MOB,1205,-6.0,78.0,539,1345,-1.0
11,18,3,DL,DEN,ATL,745,6.0,156.0,1199,1237,12.0
11,18,3,AA,DEN,DFW,1550,76.0,83.0,641,1846,66.0
11,19,4,DL,ATL,EYW,940,-3.0,90.0,646,1129,-7.0
11,19,4,MQ,ORD,BMI,1520,-4.0,24.0,116,1613,-12.0
11,19,4,F9,DEN,BIS,1335,-4.0,68.0,516,1604,-3.0
11,19,4,DL,PHX,MSP,805,-7.0,158.0,1276,1212,-11.0
11,20,5,MQ,ORD,CMI,1650,-6.0,28.0,135,1747,-14.0
11,20,5,DL,ATL,CAK,1305,34.0,72.0,528,1441,36.0
11,20,5,UA,DEN,PHX,1115,-1.0,91.0,602,1311,-1.0
11,20,5,UA,ORD,BDL,1733,-1.0,94.0,783,2042,-15.0
11,21,6,OO,ORD,MKE,1230,,,67,1314,
11,21,6,WN,LAS,PHX,1405,2.0,45.0,255,1615,-6.0
11,21,6,AA,DEN,CLT,810,161.0,140.0,1337,1328,145.0
11,22,7,WN,LAS,SAT,1030,-5.0,116.0,1069,1500,-17.0
11,22,7,AA,PHX,SNA,2110,-3.0,55.0,338,2132,-10.0
11,22,7,DL,ATL,SAV,1755,0.0,36.0,214,1900,7.0
11,23,1,UA,SFO,SNA,830,-6.0,63.0,372,1004,-19.0
11,23,1,AA,DFW,ELP,1020,-7.0,86.0,551,1108,-4.0
11,23,1,AA,ATL,DFW,1725,-3.0,113.0,731,1900,-20.0
11,24,2,OO,MSP,STL,1309,13.0,64.0,448,1446,9.0
11,24,2,OO,SFO,SEA,1949,-3.0,103.0,679,2158,5.0
11,24,2,MQ,DFW,OKC,1720,0.0,41.0,175,1818,-1.0
11,25,3,WN,DEN,PHX,955,-3.0,105.0,602,1150,4.0
11,25,3,DL,ORD,DTW,1825,2.0,58.0,235,2055,-7.0
11,25,3,OO,SFO,ONT,1911,-11.0,58.0,363,2037,-16.0
11,25,3,WN,LAS,BUF,1805,8.0,212.0,1986,115,-11.0
11,26,4,NK,IAH,SAN,2105,16.0,187.0,1303,2218,26.0
11,26,4,DL,ATL,MCO,755,-2.0,57.0,404,917,-6.0
11,27,5,OO,SFO,SMF,1619,-4.0,20.0,86,1708,-11.0
11,27,5,DL,ATL,HNL,1050,-4.0,560.0,4502,1552,-28.0
11,27,5,OO,MSP,ISN,1434,19.0,79.0,546,1630,-2.0
11,28,6,DL,LAX,SFO,1000,1.0,57.0,337,1123,5.0
11,28,6,WN,PHX,PHL,1150,-5.0,214.0,2075,1820,-41.0
11,28,6,DL,MSP,DTW,1752,-4.0,71.0,528,2034,-7.0
11,29,7,DL,ATL,MSY,1550,-2.0,65.0,425,1626,-15.0
11,29,7,DL,ATL,TRI,2305,-4.0,36.0,227,8,-11.0
11,29,7,AA,DFW,MSP,1200,34.0,101.0,852,1424,16.0
11,29,7,WN,DEN,OAK,1135,40.0,128.0,957,1315,27.0
11,30,1,EV,ORD,ATW,2053,-2.0,28.0,160,2151,-16.0
11,30,1,UA,ORD,LAX,2110,97.0,228.0,1744,2346,75.0
11,30,1,AA,LAS,DFW,600,-7.0,120.0,1055,1046,-7.0
11,30,1,WN,LAS,BUR,725,-4.0,45.0,223,830,-11.0
12,1,2,AA,PHX,IAH,59,4.0,109.0,1009,425,-12.0
12,1,2,AA,DFW,MIA,715,-1.0,130.0,1121,1102,-12.0
12,1,2,NK,LAX,ATL,1200,-1.0,211.0,1947,1910,-3.0
12,2,3,UA,IAH,PIT,715,-6.0,127.0,1117,1101,-12.0
12,2,3,EV,ATL,ILM,1259,-8.0,60.0,377,1415,-5.0
12,2,3,DL,MSP,ATL,1130,-4.0,127.0,907,1504,-11.0
12,3,4,UA,IAH,EWR,1315,38.0,165.0,1400,1749,14.0
12,3,4,WN,LAS,SLC,1530,7.0,52.0,368,1750,-6.0
12,3,4,OO,MSP,PSC,1936,-5.0,167.0,1254,2120,-28.0
12,3,4,MQ,DFW,ABI,1830,-7.0,38.0,158,1927,-3.0
12,4,5,EV,ATL,ILM,1259,-3.0,55.0,377,1415,-10.0
12,4,5,MQ,DFW,ABI,1330,-2.0,29.0,158,1423,0.0
12,4,5,MQ,ORD,IND,649,-2.0,38.0,177,851,-11.0
12,5,6,AA,DFW,SJU,705,-3.0,253.0,2165,1339,-3.0
12,5,6,UA,ORD,MCO,1054,-2.0,127.0,1005,1434,-16.0
12,5,6,AS,PHX,SEA,1935,1.0,162.0,1107,2139,8.0
12,6,7,EV,DFW,GPT,1210,-4.0,67.0,500,1347,-9.0
12,6,7,DL,ATL,LAX,1340,-2.0,257.0,1947,1547,-17.0
12,6,7,B6,SFO,JFK,700,-8.0,294.0,2586,1532,-24.0
12,7,1,OO,MSP,FSD,1115,-2.0,33.0,196,1220,1.0
12,7,1,AA,ATL,CLT,1535,-4.0,40.0,226,1648,-4.0
12,7,1,OO,MSP,GFK,1333,-5.0,50.0,284,1454,-15.0
12,8,2,WN,ATL,RIC,1600,-7.0,67.0,481,1730,-12.0
12,8,2,EV,ORD,FSD,1228,-6.0,72.0,462,1411,-9.0
12,8,2,DL,ATL,LAX,1930,-3.0,240.0,1947,2140,-29.0
12,9,3,WN,LAX,LAS,1555,33.0,38.0,236,1700,21.0
12,9,3,NK,LAS,BOS,2335,-13.0,261.0,2381,734,-30.0
12,9,3,AA,DFW,JFK,1150,4.0,182.0,1391,1620,-4.0
12,9,3,AA,DFW,FLL,1025,-7.0,136.0,1119,1407,-12.0
12,10,4,DL,ATL,IND,2228,-1.0,65.0,432,2359,-10.0
12,10,4,WN,LAX,LAS,1835,15.0,46.0,236,1935,23.0
12,10,4,EV,ATL,MGM,1205,-2.0,32.0,147,1158,3.0
12,11,5,AS,DFW,SEA,1320,17.0,219.0,1660,1540,-6.0
12,11,5,DL,ATL,BNA,2105,6.0,39.0,214,2114,7.0
12,11,5,WN,ATL,HOU,620,-3.0,103.0,696,740,-10.0
12,11,5,UA,PHX,IAH,1018,-5.0,128.0,1009,1351,-3.0
12,12,6,WN,DEN,OKC,1835,3.0,71.0,495,2100,16.0
12,12,6,MQ,ORD,OMA,2015,-1.0,68.0,416,2150,-14.0
12,13,7,WN,LAX,MSY,1040,128.0,179.0,1670,1610,113.0
12,13,7,WN,LAS,LAX,1435,-1.0,50.0,236,1545,-1.0
12,13,7,DL,ATL,CLT,2155,-4.0,37.0,226,2302,-10.0
12,14,1,AA,ORD,LGA,1015,62.0,100.0,733,1318,129.0
12,14,1,UA,IAH,MCO,715,2.0,110.0,854,1035,-3.0
12,14,1,WN,LAX,ATL,555,-3.0,214.0,1947,1310,-20.0
12,14,1,AA,DFW,LAS,2025,-5.0,153.0,1055,2129,-8.0
12,15,2,WN,LAX,BWI,1225,37.0,251.0,2329,2020,16.0
12,15,2,DL,ATL,MKE,1623,-2.0,93.0,669,1730,-12.0
12,15,2,MQ,ORD,IND,1320,-2.0,33.0,177,1517,-13.0
12,16,3,NK,ORD,BWI,2130,-8.0,71.0,622,17,-24.0
12,16,3,DL,ATL,DCA,1120,-3.0,69.0,547,1259,-14.0
12,16,3,DL,ATL,LAX,1340,43.0,259.0,1947,1547,16.0
12,16,3,MQ,ORD,IND,1320,-1.0,40.0,177,1517,0.0
12,17,4,AS,LAS,SEA,1300,-2.0,138.0,867,1535,2.0
12,17,4,OO,PHX,IAH,535,6.0,115.0,1009,905,2.0
12,17,4,UA,IAH,PDX,1815,-3.0,263.0,1825,2102,5.0
12,17,4,AA,LAX,JFK,2130,-3.0,289.0,2475,539,-4.0
12,18,5,WN,DEN,TUL,950,0.0,67.0,541,1225,-12.0
12,18,5,DL,MSP,DTW,645,-5.0,70.0,528,928,36.0
12,18,5,AA,ORD,LAX,955,-3.0,238.0,1744,1227,-14.0
12,19,6,HA,PHX,HNL,800,-5.0,363.0,2917,1155,-34.0
12,19,6,AA,DFW,OKC,2040,43.0,34.0,175,2139,39.0
12,19,6,F9,DFW,DEN,1810,-1.0,94.0,641,1916,-7.0
12,19,6,DL,ATL,JFK,1445,35.0,102.0,760,1708,26.0
12,20,7,OO,SFO,SEA,1445,74.0,106.0,679,1701,67.0
12,20,7,DL,ATL,BOS,1125,-7.0,119.0,946,1353,-8.0
12,20,7,EV,ATL,FSM,1339,-9.0,93.0,579,1437,-22.0
12,21,1,WN,PHX,OAK,1945,-3.0,102.0,646,2045,-8.0
12,21,1,MQ,ORD,BMI,2015,-1.0,28.0,116,2109,-17.0
12,21,1,UA,IAH,LAX,1741,2.0,197.0,1379,1933,7.0
12,22,2,UA,ORD,PDX,1930,37.0,231.0,1739,2210,6.0
12,22,2,DL,SFO,LAX,1400,37.0,55.0,337,1520,44.0
12,22,2,UA,ORD,DCA,1000,-4.0,80.0,612,1255,-20.0
12,22,2,NK,ORD,MSP,1949,-1.0,60.0,334,2119,-8.0
12,23,3,WN,ATL,AUS,1815,-5.0,129.0,813,1950,71.0
12,23,3,OO,ORD,ATL,1750,59.0,134.0,606,2055,103.0
12,23,3,AA,PHX,ORD,630,-7.0,168.0,1440,1059,-24.0
12,24,4,NK,LAX,DEN,920,29.0,101.0,862,1239,15.0
12,24,4,EV,ATL,EVV,1030,,,350,1052,
12,24,4,DL,LAX,TPA,1030,-3.0,232.0,2158,1752,-3.0
12,25,5,UA,LAX,IAD,600,21.0,235.0,2288,1351,-15.0
12,25,5,EV,MSP,STL,1600,43.0,70.0,448,1739,36.0
12,25,5,EV,DFW,GRK,1050,14.0,28.0,134,1145,4.0
12,26,6,MQ,DFW,CLL,1505,-4.0,32.0,164,1603,30.0
12,26,6,EV,ATL,TUL,833,6.0,119.0,674,943,10.0
12,26,6,MQ,DFW,SAF,2205,,,551,2258,
12,27,7,AA,LAX,PHX,1235,16.0,59.0,370,1503,36.0
12,27,7,AA,DFW,RSW,1035,98.0,162.0,1017,1403,179.0
12,27,7,WN,DEN,AUS,835,-1.0,120.0,775,1145,5.0
12,27,7,DL,ATL,PNS,815,3.0,49.0,271,826,-3.0
12,28,1,OO,IAH,DTW,1305,33.0,126.0,1075,1655,44.0
12,28,1,MQ,DFW,SGF,2015,29.0,50.0,364,2138,10.0
12,28,1,DL,IAH,ATL,600,12.0,92.0,689,859,21.0
12,29,2,DL,ATL,BHM,940,-4.0,24.0,134,932,-14.0
12,29,2,AA,PHX,DCA,1555,0.0,206.0,1979,2159,-4.0
12,29,2,DL,ATL,MSY,2110,-1.0,71.0,425,2151,-5.0
12,29,2,WN,ATL,TPA,1015,46.0,59.0,406,1150,39.0
12,30,3,WN,PHX,MCI,1845,55.0,114.0,1044,2210,40.0
12,30,3,EV,ATL,MYR,1615,13.0,47.0,317,1720,18.0
12,30,3,OO,MSP,MDW,1728,9.0,70.0,349,1914,29.0
12,30,3,WN,ATL,DCA,1345,49.0,74.0,547,1530,38.0
12,31,4,VX,SFO,LAX,1125,-4.0,54.0,337,1245,-10.0
12,31,4,AA,PHX,EWR,2255,-4.0,219.0,2133,521,-17.0
